#
# There is insufficient memory for the Java Runtime Environment to continue.
# Native memory allocation (mmap) failed to map 65536 bytes. Error detail: Failed to commit metaspace.
# Possible reasons:
#   The system is out of physical RAM or swap space
#   This process is running with CompressedOops enabled, and the Java Heap may be blocking the growth of the native heap
# Possible solutions:
#   Reduce memory load on the system
#   Increase physical memory or swap space
#   Check if swap backing store is full
#   Decrease Java heap size (-Xmx/-Xms)
#   Decrease number of Java threads
#   Decrease Java thread stack sizes (-Xss)
#   Set larger code cache with -XX:ReservedCodeCacheSize=
#   JVM is running with Unscaled Compressed Oops mode in which the Java heap is
#     placed in the first 4GB address space. The Java Heap base address is the
#     maximum limit for the native heap growth. Please use -XX:HeapBaseMinAddress
#     to set the Java Heap base and to place the Java Heap above 4GB virtual address.
# This output file may be truncated or incomplete.
#
#  Out of Memory Error (virtualSpaceNode.cpp:110), pid=16640, tid=10712
#
# JRE version: OpenJDK Runtime Environment Temurin-17.0.17+10 (17.0.17+10) (build 17.0.17+10)
# Java VM: OpenJDK 64-Bit Server VM Temurin-17.0.17+10 (17.0.17+10, mixed mode, sharing, tiered, compressed oops, compressed class ptrs, g1 gc, windows-amd64)
# No core dump will be written. Minidumps are not enabled by default on client versions of Windows
#

---------------  S U M M A R Y ------------

Command Line: --add-opens=java.base/java.util=ALL-UNNAMED --add-opens=java.base/java.lang=ALL-UNNAMED --add-opens=java.base/java.lang.invoke=ALL-UNNAMED --add-opens=java.prefs/java.util.prefs=ALL-UNNAMED --add-opens=java.base/java.nio.charset=ALL-UNNAMED --add-opens=java.base/java.net=ALL-UNNAMED --add-opens=java.base/java.util.concurrent.atomic=ALL-UNNAMED -Xmx2048m -Dfile.encoding=UTF-8 -Duser.country=DE -Duser.language=de -Duser.variant -javaagent:C:\Users\user\.gradle\wrapper\dists\gradle-8.7-bin\bhs2wmbdwecv87pi65oeuq5iu\gradle-8.7\lib\agents\gradle-instrumentation-agent-8.7.jar org.gradle.launcher.daemon.bootstrap.GradleDaemon 8.7

Host: Intel(R) Core(TM) i5-4590T CPU @ 2.00GHz, 4 cores, 7G,  Windows 10 , 64 bit Build 19041 (10.0.19041.5915)
Time: Sun Sep 13 04:41:19 2026 Mitteleuropäische Sommerzeit elapsed time: 429.699521 seconds (0d 0h 7m 9s)

---------------  T H R E A D  ---------------

Current thread (0x000001ddec95e250):  JavaThread "Daemon worker" [_thread_in_vm, id=10712, stack(0x000000764b700000,0x000000764b800000)]

Stack: [0x000000764b700000,0x000000764b800000]
Native frames: (J=compiled Java code, j=interpreted, Vv=VM code, C=native code)
V  [jvm.dll+0x683fb9]
V  [jvm.dll+0x83a1b5]
V  [jvm.dll+0x83bc2e]
V  [jvm.dll+0x83c2b3]
V  [jvm.dll+0x248eff]
V  [jvm.dll+0x835f9d]
V  [jvm.dll+0x628abd]
V  [jvm.dll+0x628b2a]
V  [jvm.dll+0x62b363]
V  [jvm.dll+0x629476]
V  [jvm.dll+0x2467cd]
V  [jvm.dll+0x6da7ad]
V  [jvm.dll+0x6db19f]
V  [jvm.dll+0x3757c2]
V  [jvm.dll+0x374834]
V  [jvm.dll+0x3747d8]
V  [jvm.dll+0x38488a]
C  0x000001dddd42b8ae

The last pc belongs to new (printed below).
Java frames: (J=compiled Java code, j=interpreted, Vv=VM code)
j  sun.security.ssl.SupportedVersionsExtension.<clinit>()V+30 java.base@17.0.17
v  ~StubRoutines::call_stub
j  sun.security.ssl.SSLExtension.<clinit>()V+1357 java.base@17.0.17
v  ~StubRoutines::call_stub
j  sun.security.ssl.SSLConfiguration.getEnabledExtensions(Lsun/security/ssl/SSLHandshake;Ljava/util/List;)[Lsun/security/ssl/SSLExtension;+8 java.base@17.0.17
j  sun.security.ssl.ClientHello$ClientHelloKickstartProducer.produce(Lsun/security/ssl/ConnectionContext;)[B+949 java.base@17.0.17
j  sun.security.ssl.SSLHandshake.kickstart(Lsun/security/ssl/HandshakeContext;)V+47 java.base@17.0.17
j  sun.security.ssl.ClientHandshakeContext.kickstart()V+9 java.base@17.0.17
j  sun.security.ssl.TransportContext.kickstart()V+234 java.base@17.0.17
j  sun.security.ssl.SSLSocketImpl.startHandshake(Z)V+108 java.base@17.0.17
j  sun.security.ssl.SSLSocketImpl.startHandshake()V+2 java.base@17.0.17
j  org.apache.http.conn.ssl.SSLConnectionSocketFactory.createLayeredSocket(Ljava/net/Socket;Ljava/lang/String;ILorg/apache/http/protocol/HttpContext;)Ljava/net/Socket;+365
j  org.apache.http.conn.ssl.SSLConnectionSocketFactory.connectSocket(ILjava/net/Socket;Lorg/apache/http/HttpHost;Ljava/net/InetSocketAddress;Ljava/net/InetSocketAddress;Lorg/apache/http/protocol/HttpContext;)Ljava/net/Socket;+195
j  org.apache.http.impl.conn.DefaultHttpClientConnectionOperator.connect(Lorg/apache/http/conn/ManagedHttpClientConnection;Lorg/apache/http/HttpHost;Ljava/net/InetSocketAddress;ILorg/apache/http/config/SocketConfig;Lorg/apache/http/protocol/HttpContext;)V+323
j  org.apache.http.impl.conn.PoolingHttpClientConnectionManager.connect(Lorg/apache/http/HttpClientConnection;Lorg/apache/http/conn/routing/HttpRoute;ILorg/apache/http/protocol/HttpContext;)V+92
j  org.apache.http.impl.execchain.MainClientExec.establishRoute(Lorg/apache/http/auth/AuthState;Lorg/apache/http/HttpClientConnection;Lorg/apache/http/conn/routing/HttpRoute;Lorg/apache/http/HttpRequest;Lorg/apache/http/client/protocol/HttpClientContext;)V+107
j  org.apache.http.impl.execchain.MainClientExec.execute(Lorg/apache/http/conn/routing/HttpRoute;Lorg/apache/http/client/methods/HttpRequestWrapper;Lorg/apache/http/client/protocol/HttpClientContext;Lorg/apache/http/client/methods/HttpExecutionAware;)Lorg/apache/http/client/methods/CloseableHttpResponse;+438
j  org.apache.http.impl.execchain.ProtocolExec.execute(Lorg/apache/http/conn/routing/HttpRoute;Lorg/apache/http/client/methods/HttpRequestWrapper;Lorg/apache/http/client/protocol/HttpClientContext;Lorg/apache/http/client/methods/HttpExecutionAware;)Lorg/apache/http/client/methods/CloseableHttpResponse;+454
j  org.apache.http.impl.execchain.RetryExec.execute(Lorg/apache/http/conn/routing/HttpRoute;Lorg/apache/http/client/methods/HttpRequestWrapper;Lorg/apache/http/client/protocol/HttpClientContext;Lorg/apache/http/client/methods/HttpExecutionAware;)Lorg/apache/http/client/methods/CloseableHttpResponse;+39
j  org.apache.http.impl.execchain.RedirectExec.execute(Lorg/apache/http/conn/routing/HttpRoute;Lorg/apache/http/client/methods/HttpRequestWrapper;Lorg/apache/http/client/protocol/HttpClientContext;Lorg/apache/http/client/methods/HttpExecutionAware;)Lorg/apache/http/client/methods/CloseableHttpResponse;+85
j  org.apache.http.impl.client.InternalHttpClient.doExecute(Lorg/apache/http/HttpHost;Lorg/apache/http/HttpRequest;Lorg/apache/http/protocol/HttpContext;)Lorg/apache/http/client/methods/CloseableHttpResponse;+176
j  org.apache.http.impl.client.CloseableHttpClient.execute(Lorg/apache/http/client/methods/HttpUriRequest;Lorg/apache/http/protocol/HttpContext;)Lorg/apache/http/client/methods/CloseableHttpResponse;+14
j  org.gradle.internal.resource.transport.http.HttpClientHelper.performHttpRequest(Lorg/apache/http/client/methods/HttpRequestBase;Lorg/apache/http/protocol/HttpContext;)Lorg/gradle/internal/resource/transport/http/HttpClientResponse;+36
j  org.gradle.internal.resource.transport.http.HttpClientHelper.performHttpRequest(Lorg/apache/http/client/methods/HttpRequestBase;)Lorg/gradle/internal/resource/transport/http/HttpClientResponse;+16
j  org.gradle.internal.resource.transport.http.HttpClientHelper.executeGetOrHead(Lorg/apache/http/client/methods/HttpRequestBase;)Lorg/gradle/internal/resource/transport/http/HttpClientResponse;+2
j  org.gradle.internal.resource.transport.http.HttpClientHelper.performRequest(Lorg/apache/http/client/methods/HttpRequestBase;Z)Lorg/gradle/internal/resource/transport/http/HttpClientResponse;+19
j  org.gradle.internal.resource.transport.http.HttpClientHelper.performRawGet(Ljava/lang/String;Z)Lorg/gradle/internal/resource/transport/http/HttpClientResponse;+10
j  org.gradle.internal.resource.transport.http.HttpClientHelper.performGet(Ljava/lang/String;Z)Lorg/gradle/internal/resource/transport/http/HttpClientResponse;+4
j  org.gradle.internal.resource.transport.http.HttpResourceAccessor.openResource(Lorg/gradle/internal/resource/ExternalResourceName;Z)Lorg/gradle/internal/resource/transport/http/HttpResponseResource;+25
j  org.gradle.internal.resource.transport.http.HttpResourceAccessor.openResource(Lorg/gradle/internal/resource/ExternalResourceName;Z)Lorg/gradle/internal/resource/transfer/ExternalResourceReadResponse;+3
j  org.gradle.internal.resource.transfer.AbstractExternalResourceAccessor.withContent(Lorg/gradle/internal/resource/ExternalResourceName;ZLorg/gradle/internal/resource/ExternalResource$ContentAndMetadataAction;)Ljava/lang/Object;+3
j  org.gradle.internal.resource.transfer.DefaultExternalResourceConnector.withContent(Lorg/gradle/internal/resource/ExternalResourceName;ZLorg/gradle/internal/resource/ExternalResource$ContentAndMetadataAction;)Ljava/lang/Object;+19
j  org.gradle.internal.resource.transfer.ProgressLoggingExternalResourceAccessor$DownloadOperation.call(Lorg/gradle/internal/operations/BuildOperationContext;)Ljava/lang/Object;+35
j  org.gradle.internal.operations.DefaultBuildOperationRunner$CallableBuildOperationWorker.execute(Lorg/gradle/internal/operations/CallableBuildOperation;Lorg/gradle/internal/operations/BuildOperationContext;)V+3
j  org.gradle.internal.operations.DefaultBuildOperationRunner$CallableBuildOperationWorker.execute(Lorg/gradle/internal/operations/BuildOperation;Lorg/gradle/internal/operations/BuildOperationContext;)V+6
j  org.gradle.internal.operations.DefaultBuildOperationRunner$2.execute(Lorg/gradle/internal/operations/BuildOperationDescriptor;Lorg/gradle/internal/operations/BuildOperationState;Lorg/gradle/internal/operations/BuildOperationState;Lorg/gradle/internal/operations/DefaultBuildOperationRunner$ReadableBuildOperationContext;Lorg/gradle/internal/operations/DefaultBuildOperationRunner$BuildOperationExecutionListener;)Lorg/gradle/internal/operations/BuildOperation;+22
j  org.gradle.internal.operations.DefaultBuildOperationRunner$2.execute(Lorg/gradle/internal/operations/BuildOperationDescriptor;Lorg/gradle/internal/operations/BuildOperationState;Lorg/gradle/internal/operations/BuildOperationState;Lorg/gradle/internal/operations/DefaultBuildOperationRunner$ReadableBuildOperationContext;Lorg/gradle/internal/operations/DefaultBuildOperationRunner$BuildOperationExecutionListener;)Ljava/lang/Object;+8
j  org.gradle.internal.operations.DefaultBuildOperationRunner.execute(Lorg/gradle/internal/operations/BuildOperationDescriptor$Builder;Lorg/gradle/internal/operations/BuildOperationState;Lorg/gradle/internal/operations/DefaultBuildOperationRunner$BuildOperationExecution;)Ljava/lang/Object;+141
j  org.gradle.internal.operations.DefaultBuildOperationRunner.execute(Lorg/gradle/internal/operations/BuildOperation;Lorg/gradle/internal/operations/BuildOperationWorker;Lorg/gradle/internal/operations/BuildOperationState;)V+18
j  org.gradle.internal.operations.DefaultBuildOperationRunner.call(Lorg/gradle/internal/operations/CallableBuildOperation;)Ljava/lang/Object;+16
j  org.gradle.internal.operations.DefaultBuildOperationExecutor.call(Lorg/gradle/internal/operations/CallableBuildOperation;)Ljava/lang/Object;+5
j  org.gradle.internal.resource.transfer.ProgressLoggingExternalResourceAccessor.withContent(Lorg/gradle/internal/resource/ExternalResourceName;ZLorg/gradle/internal/resource/ExternalResource$ContentAndMetadataAction;)Ljava/lang/Object;+15
j  org.gradle.internal.resource.transfer.AccessorBackedExternalResource.withContentIfPresent(Lorg/gradle/internal/resource/ExternalResource$ContentAndMetadataAction;)Lorg/gradle/internal/resource/ExternalResourceReadResult;+18
j  org.gradle.internal.resource.transfer.DefaultCacheAwareExternalResourceAccessor.copyToCache(Lorg/gradle/internal/resource/ExternalResourceName;Lorg/gradle/internal/resource/transfer/CacheAwareExternalResourceAccessor$ResourceFileStore;Lorg/gradle/internal/resource/ExternalResource;)Lorg/gradle/internal/resource/local/LocallyAvailableExternalResource;+20
j  org.gradle.internal.resource.transfer.DefaultCacheAwareExternalResourceAccessor.lambda$getResource$1(Lorg/gradle/internal/resource/ExternalResourceName;Lorg/gradle/internal/resource/local/LocallyAvailableResourceCandidates;Lorg/gradle/internal/resource/transfer/CacheAwareExternalResourceAccessor$ResourceFileStore;)Lorg/gradle/internal/resource/local/LocallyAvailableExternalResource;+62
j  org.gradle.internal.resource.transfer.DefaultCacheAwareExternalResourceAccessor$$Lambda$1227+0x000001dd81d82c40.get()Ljava/lang/Object;+16
j  org.gradle.cache.internal.ProducerGuard$AdaptiveProducerGuard.guardByKey(Ljava/lang/Object;Ljava/util/function/Supplier;)Ljava/lang/Object;+51
j  org.gradle.internal.resource.transfer.DefaultCacheAwareExternalResourceAccessor.getResource(Lorg/gradle/internal/resource/ExternalResourceName;Ljava/lang/String;Lorg/gradle/internal/resource/transfer/CacheAwareExternalResourceAccessor$ResourceFileStore;Lorg/gradle/internal/resource/local/LocallyAvailableResourceCandidates;)Lorg/gradle/internal/resource/local/LocallyAvailableExternalResource;+15
j  org.gradle.api.internal.artifacts.repositories.resolver.DefaultExternalResourceArtifactResolver.downloadByCoords(Ljava/util/List;Lorg/gradle/internal/component/external/model/ModuleComponentArtifactMetadata;Lorg/gradle/internal/resolve/result/ResourceAwareResolveResult;)Lorg/gradle/internal/resource/local/LocallyAvailableExternalResource;+99
j  org.gradle.api.internal.artifacts.repositories.resolver.DefaultExternalResourceArtifactResolver.downloadStaticResource(Ljava/util/List;Lorg/gradle/internal/component/external/model/ModuleComponentArtifactMetadata;Lorg/gradle/internal/resolve/result/ResourceAwareResolveResult;)Lorg/gradle/internal/resource/local/LocallyAvailableExternalResource;+26
j  org.gradle.api.internal.artifacts.repositories.resolver.DefaultExternalResourceArtifactResolver.resolveArtifact(Lorg/gradle/internal/component/external/model/ModuleComponentArtifactMetadata;Lorg/gradle/internal/resolve/result/ResourceAwareResolveResult;)Lorg/gradle/internal/resource/local/LocallyAvailableExternalResource;+14
j  org.gradle.api.internal.artifacts.repositories.metadata.AbstractRepositoryMetadataSource.parseMetaDataFromArtifact(Ljava/lang/String;Lorg/gradle/api/internal/artifacts/ivyservice/ivyresolve/ComponentResolvers;Lorg/gradle/api/artifacts/component/ModuleComponentIdentifier;Lorg/gradle/api/internal/artifacts/repositories/resolver/ExternalResourceArtifactResolver;Lorg/gradle/internal/resolve/result/ResourceAwareResolveResult;)Lorg/gradle/internal/component/external/model/MutableModuleComponentResolveMetadata;+13
j  org.gradle.api.internal.artifacts.repositories.metadata.AbstractRepositoryMetadataSource.create(Ljava/lang/String;Lorg/gradle/api/internal/artifacts/ivyservice/ivyresolve/ComponentResolvers;Lorg/gradle/api/artifacts/component/ModuleComponentIdentifier;Lorg/gradle/internal/component/model/ComponentOverrideMetadata;Lorg/gradle/api/internal/artifacts/repositories/resolver/ExternalResourceArtifactResolver;Lorg/gradle/internal/resolve/result/BuildableModuleComponentMetaDataResolveResult;)Lorg/gradle/internal/component/external/model/MutableModuleComponentResolveMetadata;+8
j  org.gradle.api.internal.artifacts.repositories.metadata.DefaultMavenPomMetadataSource.create(Ljava/lang/String;Lorg/gradle/api/internal/artifacts/ivyservice/ivyresolve/ComponentResolvers;Lorg/gradle/api/artifacts/component/ModuleComponentIdentifier;Lorg/gradle/internal/component/model/ComponentOverrideMetadata;Lorg/gradle/api/internal/artifacts/repositories/resolver/ExternalResourceArtifactResolver;Lorg/gradle/internal/resolve/result/BuildableModuleComponentMetaDataResolveResult;)Lorg/gradle/internal/component/external/model/MutableModuleComponentResolveMetadata;+10
j  org.gradle.api.internal.artifacts.repositories.metadata.RedirectingGradleMetadataModuleMetadataSource.create(Ljava/lang/String;Lorg/gradle/api/internal/artifacts/ivyservice/ivyresolve/ComponentResolvers;Lorg/gradle/api/artifacts/component/ModuleComponentIdentifier;Lorg/gradle/internal/component/model/ComponentOverrideMetadata;Lorg/gradle/api/internal/artifacts/repositories/resolver/ExternalResourceArtifactResolver;Lorg/gradle/internal/resolve/result/BuildableModuleComponentMetaDataResolveResult;)Lorg/gradle/internal/component/external/model/MutableModuleComponentResolveMetadata;+13
j  org.gradle.api.internal.artifacts.repositories.resolver.ExternalResourceResolver.resolveStaticDependency(Lorg/gradle/api/artifacts/component/ModuleComponentIdentifier;Lorg/gradle/internal/component/model/ComponentOverrideMetadata;Lorg/gradle/internal/resolve/result/BuildableModuleComponentMetaDataResolveResult;Lorg/gradle/api/internal/artifacts/repositories/resolver/ExternalResourceArtifactResolver;)V+51
j  org.gradle.api.internal.artifacts.repositories.resolver.MavenResolver.doResolveComponentMetaData(Lorg/gradle/api/artifacts/component/ModuleComponentIdentifier;Lorg/gradle/internal/component/model/ComponentOverrideMetadata;Lorg/gradle/internal/resolve/result/BuildableModuleComponentMetaDataResolveResult;)V+58
j  org.gradle.api.internal.artifacts.repositories.resolver.ExternalResourceResolver$RemoteRepositoryAccess.resolveComponentMetaData(Lorg/gradle/api/artifacts/component/ModuleComponentIdentifier;Lorg/gradle/internal/component/model/ComponentOverrideMetadata;Lorg/gradle/internal/resolve/result/BuildableModuleComponentMetaDataResolveResult;)V+7
j  org.gradle.api.internal.artifacts.ivyservice.ivyresolve.CachingModuleComponentRepository$ResolveAndCacheRepositoryAccess.resolveComponentMetaDataAndCache(Lorg/gradle/api/artifacts/component/ModuleComponentIdentifier;Lorg/gradle/internal/component/model/ComponentOverrideMetadata;Lorg/gradle/internal/resolve/result/BuildableModuleComponentMetaDataResolveResult;)V+34
j  org.gradle.api.internal.artifacts.ivyservice.ivyresolve.CachingModuleComponentRepository$ResolveAndCacheRepositoryAccess.resolveComponentMetaData(Lorg/gradle/api/artifacts/component/ModuleComponentIdentifier;Lorg/gradle/internal/component/model/ComponentOverrideMetadata;Lorg/gradle/internal/resolve/result/BuildableModuleComponentMetaDataResolveResult;)V+4
j  org.gradle.api.internal.artifacts.ivyservice.ivyresolve.ErrorHandlingModuleComponentRepository$ErrorHandlingModuleComponentRepositoryAccess.lambda$resolveComponentMetaData$5(Lorg/gradle/api/artifacts/component/ModuleComponentIdentifier;Lorg/gradle/internal/component/model/ComponentOverrideMetadata;Lorg/gradle/internal/resolve/result/BuildableModuleComponentMetaDataResolveResult;)V+7
j  org.gradle.api.internal.artifacts.ivyservice.ivyresolve.ErrorHandlingModuleComponentRepository$ErrorHandlingModuleComponentRepositoryAccess$$Lambda$1222+0x000001dd81d80e58.run()V+16
j  org.gradle.api.internal.artifacts.ivyservice.ivyresolve.ErrorHandlingModuleComponentRepository$ErrorHandlingModuleComponentRepositoryAccess.lambda$tryResolveAndMaybeBlacklist$15(Ljava/lang/Runnable;)Ljava/lang/Throwable;+1
j  org.gradle.api.internal.artifacts.ivyservice.ivyresolve.ErrorHandlingModuleComponentRepository$ErrorHandlingModuleComponentRepositoryAccess$$Lambda$1225+0x000001dd81d814b8.call()Ljava/lang/Object;+4
j  org.gradle.api.internal.artifacts.ivyservice.ivyresolve.ErrorHandlingModuleComponentRepository$ErrorHandlingModuleComponentRepositoryAccess.tryResolveAndMaybeBlacklist(Lorg/gradle/internal/resolve/result/ErroringResolveResult;Ljava/util/concurrent/Callable;Lorg/gradle/api/Transformer;)V+25
j  org.gradle.api.internal.artifacts.ivyservice.ivyresolve.ErrorHandlingModuleComponentRepository$ErrorHandlingModuleComponentRepositoryAccess.tryResolveAndMaybeBlacklist(Lorg/gradle/internal/resolve/result/ErroringResolveResult;Ljava/lang/Runnable;Lorg/gradle/api/Transformer;)V+9
j  org.gradle.api.internal.artifacts.ivyservice.ivyresolve.ErrorHandlingModuleComponentRepository$ErrorHandlingModuleComponentRepositoryAccess.performOperationWithRetries(Lorg/gradle/internal/resolve/result/ErroringResolveResult;Ljava/lang/Runnable;Lorg/gradle/internal/Factory;Lorg/gradle/api/Transformer;)V+37
j  org.gradle.api.internal.artifacts.ivyservice.ivyresolve.ErrorHandlingModuleComponentRepository$ErrorHandlingModuleComponentRepositoryAccess.resolveComponentMetaData(Lorg/gradle/api/artifacts/component/ModuleComponentIdentifier;Lorg/gradle/internal/component/model/ComponentOverrideMetadata;Lorg/gradle/internal/resolve/result/BuildableModuleComponentMetaDataResolveResult;)V+23
j  org.gradle.api.internal.artifacts.ivyservice.ivyresolve.FilteredModuleComponentRepository$FilteringAccess.lambda$resolveComponentMetaData$2(Lorg/gradle/api/artifacts/component/ModuleComponentIdentifier;Lorg/gradle/internal/component/model/ComponentOverrideMetadata;Lorg/gradle/internal/resolve/result/BuildableModuleComponentMetaDataResolveResult;)V+7
j  org.gradle.api.internal.artifacts.ivyservice.ivyresolve.FilteredModuleComponentRepository$FilteringAccess$$Lambda$1220+0x000001dd81d80a18.run()V+16
j  org.gradle.api.internal.artifacts.ivyservice.ivyresolve.FilteredModuleComponentRepository$FilteringAccess.whenModulePresent(Lorg/gradle/api/artifacts/ModuleIdentifier;Lorg/gradle/api/artifacts/component/ModuleComponentIdentifier;Ljava/lang/Runnable;Ljava/lang/Runnable;)V+45
j  org.gradle.api.internal.artifacts.ivyservice.ivyresolve.FilteredModuleComponentRepository$FilteringAccess.resolveComponentMetaData(Lorg/gradle/api/artifacts/component/ModuleComponentIdentifier;Lorg/gradle/internal/component/model/ComponentOverrideMetadata;Lorg/gradle/internal/resolve/result/BuildableModuleComponentMetaDataResolveResult;)V+28
j  org.gradle.api.internal.artifacts.ivyservice.ivyresolve.ComponentMetaDataResolveState.process(Lorg/gradle/api/internal/artifacts/ivyservice/ivyresolve/ModuleComponentRepositoryAccess;)V+13
j  org.gradle.api.internal.artifacts.ivyservice.ivyresolve.ComponentMetaDataResolveState.resolve()Lorg/gradle/internal/resolve/result/BuildableModuleComponentMetaDataResolveResult;+77
j  org.gradle.api.internal.artifacts.ivyservice.ivyresolve.RepositoryChainComponentMetaDataResolver.findBestMatch(Ljava/util/LinkedList;Ljava/util/Collection;Ljava/util/Collection;)Lorg/gradle/api/internal/artifacts/ivyservice/ivyresolve/RepositoryChainModuleResolution;+21
j  org.gradle.api.internal.artifacts.ivyservice.ivyresolve.RepositoryChainComponentMetaDataResolver.findBestMatch(Ljava/util/List;Ljava/util/Collection;)Lorg/gradle/api/internal/artifacts/ivyservice/ivyresolve/RepositoryChainModuleResolution;+23
j  org.gradle.api.internal.artifacts.ivyservice.ivyresolve.RepositoryChainComponentMetaDataResolver.resolveModule(Lorg/gradle/api/artifacts/component/ModuleComponentIdentifier;Lorg/gradle/internal/component/model/ComponentOverrideMetadata;)Lorg/gradle/internal/resolve/result/BuildableComponentResolveResult;+104
j  org.gradle.api.internal.artifacts.ivyservice.ivyresolve.RepositoryChainComponentMetaDataResolver.lambda$createValueContainerFor$1(Lorg/gradle/api/artifacts/component/ComponentIdentifier;Lorg/gradle/internal/component/model/ComponentOverrideMetadata;)Lorg/gradle/internal/resolve/result/BuildableComponentResolveResult;+6
j  org.gradle.api.internal.artifacts.ivyservice.ivyresolve.RepositoryChainComponentMetaDataResolver$$Lambda$1219+0x000001dd81d7fd68.get()Ljava/lang/Object;+12
j  org.gradle.internal.model.CalculatedValueContainerFactory$SupplierBackedCalculator.calculateValue(Lorg/gradle/api/internal/tasks/NodeExecutionContext;)Ljava/lang/Object;+4
j  org.gradle.internal.model.CalculatedValueContainer$CalculationState.lambda$attachValue$0(Lorg/gradle/api/internal/tasks/NodeExecutionContext;)Ljava/lang/Object;+16
j  org.gradle.internal.model.CalculatedValueContainer$CalculationState$$Lambda$675+0x000001dd81529340.call()Ljava/lang/Object;+8
j  org.gradle.internal.Try.ofFailable(Ljava/util/concurrent/Callable;)Lorg/gradle/internal/Try;+1
j  org.gradle.internal.model.CalculatedValueContainer$CalculationState.attachValue(Lorg/gradle/internal/model/CalculatedValueContainer;Lorg/gradle/api/internal/tasks/NodeExecutionContext;)V+28
j  org.gradle.internal.model.CalculatedValueContainer.finalizeIfNotAlready(Lorg/gradle/api/internal/tasks/NodeExecutionContext;)V+13
j  org.gradle.internal.model.CalculatedValueContainer.finalizeIfNotAlready()V+2
j  org.gradle.api.internal.artifacts.ivyservice.ivyresolve.RepositoryChainComponentMetaDataResolver.resolve(Lorg/gradle/api/artifacts/component/ComponentIdentifier;Lorg/gradle/internal/component/model/ComponentOverrideMetadata;Lorg/gradle/internal/resolve/result/BuildableComponentResolveResult;)V+45
j  org.gradle.api.internal.artifacts.ivyservice.resolveengine.ComponentResolversChain$ComponentMetaDataResolverChain.resolve(Lorg/gradle/api/artifacts/component/ComponentIdentifier;Lorg/gradle/internal/component/model/ComponentOverrideMetadata;Lorg/gradle/internal/resolve/result/BuildableComponentResolveResult;)V+48
j  org.gradle.api.internal.artifacts.ivyservice.clientmodule.ClientModuleResolver.resolve(Lorg/gradle/api/artifacts/component/ComponentIdentifier;Lorg/gradle/internal/component/model/ComponentOverrideMetadata;Lorg/gradle/internal/resolve/result/BuildableComponentResolveResult;)V+7
j  org.gradle.api.internal.artifacts.ivyservice.resolveengine.graph.builder.ComponentState.resolve()V+90
j  org.gradle.api.internal.artifacts.ivyservice.resolveengine.graph.builder.ComponentState.getResolveStateOrNull()Lorg/gradle/internal/component/model/ComponentGraphResolveState;+1
j  org.gradle.api.internal.artifacts.ivyservice.resolveengine.graph.builder.EdgeState.calculateTargetConfigurations(Lorg/gradle/api/internal/artifacts/ivyservice/resolveengine/graph/builder/ComponentState;)V+1
j  org.gradle.api.internal.artifacts.ivyservice.resolveengine.graph.builder.EdgeState.attachToTargetConfigurations()V+66
j  org.gradle.api.internal.artifacts.ivyservice.resolveengine.graph.builder.DependencyGraphBuilder.attachToTargetRevisionsSerially(Ljava/util/List;Lorg/gradle/api/specs/Spec;)V+37
j  org.gradle.api.internal.artifacts.ivyservice.resolveengine.graph.builder.DependencyGraphBuilder.resolveEdges(Lorg/gradle/api/internal/artifacts/ivyservice/resolveengine/graph/builder/NodeState;Ljava/util/List;Lorg/gradle/api/specs/Spec;ZLorg/gradle/api/internal/artifacts/ivyservice/resolveengine/graph/builder/ResolveState;)Z+40
j  org.gradle.api.internal.artifacts.ivyservice.resolveengine.graph.builder.DependencyGraphBuilder.traverseGraph(Lorg/gradle/api/internal/artifacts/ivyservice/resolveengine/graph/builder/ResolveState;)V+132
j  org.gradle.api.internal.artifacts.ivyservice.resolveengine.graph.builder.DependencyGraphBuilder.resolve(Lorg/gradle/api/internal/artifacts/ivyservice/moduleconverter/RootComponentMetadataBuilder$RootComponentState;Ljava/util/List;Lorg/gradle/api/specs/Spec;Lorg/gradle/api/internal/attributes/AttributesSchemaInternal;Lorg/gradle/api/internal/artifacts/ComponentSelectorConverter;Lorg/gradle/internal/resolve/resolver/DependencyToComponentIdResolver;Lorg/gradle/internal/resolve/resolver/ComponentMetaDataResolver;Lorg/gradle/api/internal/artifacts/dsl/ModuleReplacementsData;Lorg/gradle/api/internal/artifacts/ivyservice/dependencysubstitution/DependencySubstitutionApplicator;Lorg/gradle/api/internal/artifacts/ivyservice/resolveengine/ModuleConflictResolver;Ljava/util/List;Lorg/gradle/api/internal/artifacts/configurations/ConflictResolution;ZZLorg/gradle/api/internal/artifacts/ivyservice/resolveengine/graph/DependencyGraphVisitor;)V+90
j  org.gradle.api.internal.artifacts.ivyservice.resolveengine.DependencyGraphResolver.resolve(Lorg/gradle/api/internal/artifacts/ivyservice/moduleconverter/RootComponentMetadataBuilder$RootComponentState;Ljava/util/List;Lorg/gradle/api/specs/Spec;Lorg/gradle/api/internal/attributes/AttributesSchemaInternal;Lorg/gradle/api/internal/artifacts/ComponentSelectorConverter;Lorg/gradle/internal/resolve/resolver/DependencyToComponentIdResolver;Lorg/gradle/internal/resolve/resolver/ComponentMetaDataResolver;Lorg/gradle/api/internal/artifacts/dsl/ModuleReplacementsData;Lorg/gradle/internal/ImmutableActionSet;Lorg/gradle/api/internal/artifacts/configurations/ConflictResolution;Lorg/gradle/api/internal/artifacts/ivyservice/resolutionstrategy/CapabilitiesResolutionInternal;ZZLorg/gradle/api/internal/artifacts/ivyservice/resolveengine/graph/DependencyGraphVisitor;)V+73
j  org.gradle.api.internal.artifacts.ivyservice.DefaultConfigurationResolver.doResolve(Lorg/gradle/api/internal/artifacts/ResolveContext;Lorg/gradle/api/internal/artifacts/ivyservice/ivyresolve/ComponentResolvers;ZLorg/gradle/api/specs/Spec;Lcom/google/common/collect/ImmutableList;)V+168
j  org.gradle.api.internal.artifacts.ivyservice.DefaultConfigurationResolver.resolveGraph(Lorg/gradle/api/internal/artifacts/ResolveContext;)Lorg/gradle/api/internal/artifacts/ResolverResults;+404
j  org.gradle.api.internal.artifacts.ivyservice.ShortCircuitEmptyConfigurationResolver.resolveGraph(Lorg/gradle/api/internal/artifacts/ResolveContext;)Lorg/gradle/api/internal/artifacts/ResolverResults;+14
j  org.gradle.api.internal.artifacts.configurations.DefaultConfiguration$1.call(Lorg/gradle/internal/operations/BuildOperationContext;)Lorg/gradle/api/internal/artifacts/ResolverResults;+44
j  org.gradle.api.internal.artifacts.configurations.DefaultConfiguration$1.call(Lorg/gradle/internal/operations/BuildOperationContext;)Ljava/lang/Object;+2
j  org.gradle.internal.operations.DefaultBuildOperationRunner$CallableBuildOperationWorker.execute(Lorg/gradle/internal/operations/CallableBuildOperation;Lorg/gradle/internal/operations/BuildOperationContext;)V+3
j  org.gradle.internal.operations.DefaultBuildOperationRunner$CallableBuildOperationWorker.execute(Lorg/gradle/internal/operations/BuildOperation;Lorg/gradle/internal/operations/BuildOperationContext;)V+6
j  org.gradle.internal.operations.DefaultBuildOperationRunner$2.execute(Lorg/gradle/internal/operations/BuildOperationDescriptor;Lorg/gradle/internal/operations/BuildOperationState;Lorg/gradle/internal/operations/BuildOperationState;Lorg/gradle/internal/operations/DefaultBuildOperationRunner$ReadableBuildOperationContext;Lorg/gradle/internal/operations/DefaultBuildOperationRunner$BuildOperationExecutionListener;)Lorg/gradle/internal/operations/BuildOperation;+22
j  org.gradle.internal.operations.DefaultBuildOperationRunner$2.execute(Lorg/gradle/internal/operations/BuildOperationDescriptor;Lorg/gradle/internal/operations/BuildOperationState;Lorg/gradle/internal/operations/BuildOperationState;Lorg/gradle/internal/operations/DefaultBuildOperationRunner$ReadableBuildOperationContext;Lorg/gradle/internal/operations/DefaultBuildOperationRunner$BuildOperationExecutionListener;)Ljava/lang/Object;+8
j  org.gradle.internal.operations.DefaultBuildOperationRunner.execute(Lorg/gradle/internal/operations/BuildOperationDescriptor$Builder;Lorg/gradle/internal/operations/BuildOperationState;Lorg/gradle/internal/operations/DefaultBuildOperationRunner$BuildOperationExecution;)Ljava/lang/Object;+141
j  org.gradle.internal.operations.DefaultBuildOperationRunner.execute(Lorg/gradle/internal/operations/BuildOperation;Lorg/gradle/internal/operations/BuildOperationWorker;Lorg/gradle/internal/operations/BuildOperationState;)V+18
j  org.gradle.internal.operations.DefaultBuildOperationRunner.call(Lorg/gradle/internal/operations/CallableBuildOperation;)Ljava/lang/Object;+16
j  org.gradle.internal.operations.DefaultBuildOperationExecutor.call(Lorg/gradle/internal/operations/CallableBuildOperation;)Ljava/lang/Object;+5
j  org.gradle.api.internal.artifacts.configurations.DefaultConfiguration.resolveGraphInBuildOperation()Lorg/gradle/api/internal/artifacts/ResolverResults;+12
j  org.gradle.api.internal.artifacts.configurations.DefaultConfiguration.lambda$resolveExclusivelyIfRequired$6(Ljava/util/Optional;)Ljava/util/Optional;+45
j  org.gradle.api.internal.artifacts.configurations.DefaultConfiguration$$Lambda$676+0x000001dd8152c9a8.apply(Ljava/lang/Object;)Ljava/lang/Object;+8
j  org.gradle.api.internal.initialization.RootScriptDomainObjectContext$CalculatedModelValueImpl.update(Ljava/util/function/Function;)Ljava/lang/Object;+9
j  org.gradle.api.internal.artifacts.configurations.DefaultConfiguration.resolveExclusivelyIfRequired()Lorg/gradle/api/internal/artifacts/ResolverResults;+10
j  org.gradle.api.internal.artifacts.configurations.DefaultConfiguration.resolveGraphIfRequired()Lorg/gradle/api/internal/artifacts/ResolverResults;+183
j  org.gradle.api.internal.artifacts.configurations.DefaultConfiguration.access$500(Lorg/gradle/api/internal/artifacts/configurations/DefaultConfiguration;)Lorg/gradle/api/internal/artifacts/ResolverResults;+1
j  org.gradle.api.internal.artifacts.configurations.DefaultConfiguration$ResolverResultsResolutionResultProvider.getValue()Lorg/gradle/api/internal/artifacts/ResolverResults;+53
j  org.gradle.api.internal.artifacts.configurations.DefaultConfiguration$ResolverResultsResolutionResultProvider.getValue()Ljava/lang/Object;+1
j  org.gradle.api.internal.artifacts.configurations.ResolutionResultProvider$1.getValue()Ljava/lang/Object;+8
j  org.gradle.api.internal.artifacts.configurations.ResolutionBackedFileCollection.getSelectedArtifacts()Lorg/gradle/api/internal/artifacts/ivyservice/resolveengine/artifact/SelectedArtifactSet;+12
j  org.gradle.api.internal.artifacts.configurations.DefaultArtifactCollection.lambda$new$0(ZLorg/gradle/api/internal/artifacts/configurations/ResolutionHost;)Lorg/gradle/api/internal/artifacts/configurations/DefaultArtifactCollection$ArtifactSetResult;+12
j  org.gradle.api.internal.artifacts.configurations.DefaultArtifactCollection$$Lambda$669+0x000001dd8152c510.get()Ljava/lang/Object;+12
j  org.gradle.internal.model.CalculatedValueContainerFactory$SupplierBackedCalculator.calculateValue(Lorg/gradle/api/internal/tasks/NodeExecutionContext;)Ljava/lang/Object;+4
j  org.gradle.internal.model.CalculatedValueContainer$CalculationState.lambda$attachValue$0(Lorg/gradle/api/internal/tasks/NodeExecutionContext;)Ljava/lang/Object;+16
j  org.gradle.internal.model.CalculatedValueContainer$CalculationState$$Lambda$675+0x000001dd81529340.call()Ljava/lang/Object;+8
j  org.gradle.internal.Try.ofFailable(Ljava/util/concurrent/Callable;)Lorg/gradle/internal/Try;+1
j  org.gradle.internal.model.CalculatedValueContainer$CalculationState.attachValue(Lorg/gradle/internal/model/CalculatedValueContainer;Lorg/gradle/api/internal/tasks/NodeExecutionContext;)V+28
j  org.gradle.internal.model.CalculatedValueContainer.finalizeIfNotAlready(Lorg/gradle/api/internal/tasks/NodeExecutionContext;)V+13
j  org.gradle.internal.model.CalculatedValueContainer.finalizeIfNotAlready()V+2
j  org.gradle.api.internal.artifacts.configurations.DefaultArtifactCollection.ensureResolved()V+4
j  org.gradle.api.internal.artifacts.configurations.DefaultArtifactCollection.getFailures()Ljava/util/Collection;+1
j  org.gradle.plugin.use.resolve.internal.ArtifactRepositoriesPluginResolver.exists(Lorg/gradle/api/artifacts/ModuleDependency;)Z+58
j  org.gradle.plugin.use.resolve.internal.ArtifactRepositoriesPluginResolver.resolve(Lorg/gradle/plugin/management/internal/PluginRequestInternal;)Lorg/gradle/plugin/use/resolve/internal/PluginResolutionResult;+49
j  org.gradle.plugin.use.resolve.internal.CompositePluginResolver.resolve(Lorg/gradle/plugin/management/internal/PluginRequestInternal;)Lorg/gradle/plugin/use/resolve/internal/PluginResolutionResult;+37
j  org.gradle.plugin.use.resolve.internal.AlreadyOnClasspathPluginResolver.resolve(Lorg/gradle/plugin/management/internal/PluginRequestInternal;)Lorg/gradle/plugin/use/resolve/internal/PluginResolutionResult;+28
j  org.gradle.plugin.use.internal.DefaultPluginRequestApplicator.resolvePluginRequest(Lorg/gradle/plugin/use/resolve/internal/PluginResolver;Lorg/gradle/plugin/management/internal/PluginRequestInternal;)Lorg/gradle/plugin/use/resolve/internal/PluginResolution;+2
j  org.gradle.plugin.use.internal.DefaultPluginRequestApplicator.applyPlugins(Lorg/gradle/plugin/management/internal/PluginRequests;Lorg/gradle/api/internal/initialization/ScriptHandlerInternal;Lorg/gradle/api/internal/plugins/PluginManagerInternal;Lorg/gradle/api/internal/initialization/ClassLoaderScope;)V+136
j  org.gradle.kotlin.dsl.provider.PluginRequestsHandler.handle(Lorg/gradle/plugin/management/internal/PluginRequests;Lorg/gradle/api/internal/initialization/ScriptHandlerInternal;Lorg/gradle/api/internal/plugins/PluginAwareInternal;Lorg/gradle/api/internal/initialization/ClassLoaderScope;)V+66
j  org.gradle.kotlin.dsl.provider.StandardKotlinScriptEvaluator$InterpreterHost.applyPluginsTo(Lorg/gradle/kotlin/dsl/support/KotlinScriptHost;Lorg/gradle/plugin/management/internal/PluginRequests;)V+52
j  org.gradle.kotlin.dsl.execution.Interpreter$ProgramHost.applyPluginsTo(Lorg/gradle/kotlin/dsl/support/KotlinScriptHost;Lorg/gradle/plugin/management/internal/PluginRequests;)V+21
j  Program.execute(Lorg/gradle/kotlin/dsl/execution/ExecutableProgram$Host;Lorg/gradle/kotlin/dsl/support/KotlinScriptHost;)V+64
j  org.gradle.kotlin.dsl.execution.Interpreter$ProgramHost.eval(Lorg/gradle/kotlin/dsl/execution/CompiledScript;Lorg/gradle/kotlin/dsl/support/KotlinScriptHost;)V+88
j  org.gradle.kotlin.dsl.execution.Interpreter.eval(Ljava/lang/Object;Lorg/gradle/groovy/scripts/ScriptSource;Lorg/gradle/internal/hash/HashCode;Lorg/gradle/api/initialization/dsl/ScriptHandler;Lorg/gradle/api/internal/initialization/ClassLoaderScope;Lorg/gradle/api/internal/initialization/ClassLoaderScope;ZLjava/util/EnumSet;)V+213
j  org.gradle.kotlin.dsl.provider.StandardKotlinScriptEvaluator.evaluate(Ljava/lang/Object;Lorg/gradle/groovy/scripts/ScriptSource;Lorg/gradle/api/initialization/dsl/ScriptHandler;Lorg/gradle/api/internal/initialization/ClassLoaderScope;Lorg/gradle/api/internal/initialization/ClassLoaderScope;ZLjava/util/EnumSet;)V+163
j  org.gradle.kotlin.dsl.provider.KotlinScriptPluginFactory$create$1.invoke(Ljava/lang/Object;)V+41
j  org.gradle.kotlin.dsl.provider.KotlinScriptPluginFactory$create$1.invoke(Ljava/lang/Object;)Ljava/lang/Object;+2
j  org.gradle.kotlin.dsl.provider.KotlinScriptPlugin.apply(Ljava/lang/Object;)V+22
j  org.gradle.configuration.BuildOperationScriptPlugin$1.run(Lorg/gradle/internal/operations/BuildOperationContext;)V+11
j  org.gradle.internal.operations.DefaultBuildOperationRunner$1.execute(Lorg/gradle/internal/operations/RunnableBuildOperation;Lorg/gradle/internal/operations/BuildOperationContext;)V+2
j  org.gradle.internal.operations.DefaultBuildOperationRunner$1.execute(Lorg/gradle/internal/operations/BuildOperation;Lorg/gradle/internal/operations/BuildOperationContext;)V+6
j  org.gradle.internal.operations.DefaultBuildOperationRunner$2.execute(Lorg/gradle/internal/operations/BuildOperationDescriptor;Lorg/gradle/internal/operations/BuildOperationState;Lorg/gradle/internal/operations/BuildOperationState;Lorg/gradle/internal/operations/DefaultBuildOperationRunner$ReadableBuildOperationContext;Lorg/gradle/internal/operations/DefaultBuildOperationRunner$BuildOperationExecutionListener;)Lorg/gradle/internal/operations/BuildOperation;+22
j  org.gradle.internal.operations.DefaultBuildOperationRunner$2.execute(Lorg/gradle/internal/operations/BuildOperationDescriptor;Lorg/gradle/internal/operations/BuildOperationState;Lorg/gradle/internal/operations/BuildOperationState;Lorg/gradle/internal/operations/DefaultBuildOperationRunner$ReadableBuildOperationContext;Lorg/gradle/internal/operations/DefaultBuildOperationRunner$BuildOperationExecutionListener;)Ljava/lang/Object;+8
j  org.gradle.internal.operations.DefaultBuildOperationRunner.execute(Lorg/gradle/internal/operations/BuildOperationDescriptor$Builder;Lorg/gradle/internal/operations/BuildOperationState;Lorg/gradle/internal/operations/DefaultBuildOperationRunner$BuildOperationExecution;)Ljava/lang/Object;+141
j  org.gradle.internal.operations.DefaultBuildOperationRunner.execute(Lorg/gradle/internal/operations/BuildOperation;Lorg/gradle/internal/operations/BuildOperationWorker;Lorg/gradle/internal/operations/BuildOperationState;)V+18
j  org.gradle.internal.operations.DefaultBuildOperationRunner.run(Lorg/gradle/internal/operations/RunnableBuildOperation;)V+9
j  org.gradle.internal.operations.DefaultBuildOperationExecutor.run(Lorg/gradle/internal/operations/RunnableBuildOperation;)V+5
j  org.gradle.configuration.BuildOperationScriptPlugin.lambda$apply$0(Ljava/lang/Object;Lorg/gradle/internal/code/UserCodeApplicationId;)V+14
j  org.gradle.configuration.BuildOperationScriptPlugin$$Lambda$509+0x000001dd8148ca80.execute(Ljava/lang/Object;)V+12
j  org.gradle.internal.code.DefaultUserCodeApplicationContext.apply(Lorg/gradle/internal/code/UserCodeSource;Lorg/gradle/api/Action;)V+37
j  org.gradle.configuration.BuildOperationScriptPlugin.apply(Ljava/lang/Object;)V+71
j  org.gradle.configuration.project.BuildScriptProcessor$$Lambda$747+0x000001dd8159e328.accept(Ljava/lang/Object;)V+8
j  org.gradle.api.internal.project.DefaultProjectStateRegistry$ProjectStateImpl.lambda$applyToMutableState$1(Ljava/util/function/Consumer;Lorg/gradle/api/internal/project/ProjectInternal;)Ljava/lang/Object;+2
j  org.gradle.api.internal.project.DefaultProjectStateRegistry$ProjectStateImpl$$Lambda$721+0x000001dd81560f58.apply(Ljava/lang/Object;)Ljava/lang/Object;+8
j  org.gradle.api.internal.project.DefaultProjectStateRegistry$ProjectStateImpl.fromMutableState(Ljava/util/function/Function;)Ljava/lang/Object;+97
j  org.gradle.api.internal.project.DefaultProjectStateRegistry$ProjectStateImpl.applyToMutableState(Ljava/util/function/Consumer;)V+7
j  org.gradle.configuration.project.BuildScriptProcessor.execute(Lorg/gradle/api/internal/project/ProjectInternal;)V+88
j  org.gradle.configuration.project.BuildScriptProcessor.execute(Ljava/lang/Object;)V+5
j  org.gradle.configuration.project.ConfigureActionsProjectEvaluator.evaluate(Lorg/gradle/api/internal/project/ProjectInternal;Lorg/gradle/api/internal/project/ProjectStateInternal;)V+33
j  org.gradle.configuration.project.LifecycleProjectEvaluator$EvaluateProject.lambda$run$0(Lorg/gradle/internal/operations/BuildOperationContext;Lorg/gradle/api/internal/project/ProjectInternal;)V+67
j  org.gradle.configuration.project.LifecycleProjectEvaluator$EvaluateProject$$Lambda$720+0x000001dd81560d28.accept(Ljava/lang/Object;)V+12
j  org.gradle.api.internal.project.DefaultProjectStateRegistry$ProjectStateImpl.lambda$applyToMutableState$1(Ljava/util/function/Consumer;Lorg/gradle/api/internal/project/ProjectInternal;)Ljava/lang/Object;+2
j  org.gradle.api.internal.project.DefaultProjectStateRegistry$ProjectStateImpl$$Lambda$721+0x000001dd81560f58.apply(Ljava/lang/Object;)Ljava/lang/Object;+8
j  org.gradle.api.internal.project.DefaultProjectStateRegistry$ProjectStateImpl.lambda$fromMutableState$2(Ljava/util/function/Function;)Ljava/lang/Object;+5
j  org.gradle.api.internal.project.DefaultProjectStateRegistry$ProjectStateImpl$$Lambda$722+0x000001dd81561198.create()Ljava/lang/Object;+8
j  org.gradle.internal.work.DefaultWorkerLeaseService.withReplacedLocks(Ljava/util/Collection;Lorg/gradle/internal/resources/ResourceLock;Lorg/gradle/internal/Factory;)Ljava/lang/Object;+40
j  org.gradle.api.internal.project.DefaultProjectStateRegistry$ProjectStateImpl.fromMutableState(Ljava/util/function/Function;)Ljava/lang/Object;+132
j  org.gradle.api.internal.project.DefaultProjectStateRegistry$ProjectStateImpl.applyToMutableState(Ljava/util/function/Consumer;)V+7
j  org.gradle.configuration.project.LifecycleProjectEvaluator$EvaluateProject.run(Lorg/gradle/internal/operations/BuildOperationContext;)V+16
j  org.gradle.internal.operations.DefaultBuildOperationRunner$1.execute(Lorg/gradle/internal/operations/RunnableBuildOperation;Lorg/gradle/internal/operations/BuildOperationContext;)V+2
j  org.gradle.internal.operations.DefaultBuildOperationRunner$1.execute(Lorg/gradle/internal/operations/BuildOperation;Lorg/gradle/internal/operations/BuildOperationContext;)V+6
j  org.gradle.internal.operations.DefaultBuildOperationRunner$2.execute(Lorg/gradle/internal/operations/BuildOperationDescriptor;Lorg/gradle/internal/operations/BuildOperationState;Lorg/gradle/internal/operations/BuildOperationState;Lorg/gradle/internal/operations/DefaultBuildOperationRunner$ReadableBuildOperationContext;Lorg/gradle/internal/operations/DefaultBuildOperationRunner$BuildOperationExecutionListener;)Lorg/gradle/internal/operations/BuildOperation;+22
j  org.gradle.internal.operations.DefaultBuildOperationRunner$2.execute(Lorg/gradle/internal/operations/BuildOperationDescriptor;Lorg/gradle/internal/operations/BuildOperationState;Lorg/gradle/internal/operations/BuildOperationState;Lorg/gradle/internal/operations/DefaultBuildOperationRunner$ReadableBuildOperationContext;Lorg/gradle/internal/operations/DefaultBuildOperationRunner$BuildOperationExecutionListener;)Ljava/lang/Object;+8
j  org.gradle.internal.operations.DefaultBuildOperationRunner.execute(Lorg/gradle/internal/operations/BuildOperationDescriptor$Builder;Lorg/gradle/internal/operations/BuildOperationState;Lorg/gradle/internal/operations/DefaultBuildOperationRunner$BuildOperationExecution;)Ljava/lang/Object;+141
j  org.gradle.internal.operations.DefaultBuildOperationRunner.execute(Lorg/gradle/internal/operations/BuildOperation;Lorg/gradle/internal/operations/BuildOperationWorker;Lorg/gradle/internal/operations/BuildOperationState;)V+18
j  org.gradle.internal.operations.DefaultBuildOperationRunner.run(Lorg/gradle/internal/operations/RunnableBuildOperation;)V+9
j  org.gradle.internal.operations.DefaultBuildOperationExecutor.run(Lorg/gradle/internal/operations/RunnableBuildOperation;)V+5
j  org.gradle.configuration.project.LifecycleProjectEvaluator.evaluate(Lorg/gradle/api/internal/project/ProjectInternal;Lorg/gradle/api/internal/project/ProjectStateInternal;)V+42
j  org.gradle.api.internal.project.DefaultProject.evaluate()Lorg/gradle/api/internal/project/DefaultProject;+9
j  org.gradle.api.internal.project.DefaultProject.evaluate()Lorg/gradle/api/Project;+1
j  org.gradle.api.internal.project.ProjectLifecycleController.lambda$ensureSelfConfigured$2()V+4
j  org.gradle.api.internal.project.ProjectLifecycleController$$Lambda$718+0x000001dd8155b620.run()V+4
j  org.gradle.internal.model.StateTransitionController.lambda$doTransition$14(Ljava/lang/Runnable;)Lorg/gradle/internal/build/ExecutionResult;+1
j  org.gradle.internal.model.StateTransitionController$$Lambda$305+0x000001dd8132e458.get()Ljava/lang/Object;+4
j  org.gradle.internal.model.StateTransitionController.doTransition(Lorg/gradle/internal/model/StateTransitionController$State;Lorg/gradle/internal/model/StateTransitionController$State;Ljava/util/function/Supplier;)Lorg/gradle/internal/build/ExecutionResult;+24
j  org.gradle.internal.model.StateTransitionController.doTransition(Lorg/gradle/internal/model/StateTransitionController$State;Lorg/gradle/internal/model/StateTransitionController$State;Ljava/lang/Runnable;)V+9
j  org.gradle.internal.model.StateTransitionController.lambda$maybeTransitionIfNotCurrentlyTransitioning$10(Lorg/gradle/internal/model/StateTransitionController$State;Lorg/gradle/internal/model/StateTransitionController$State;Ljava/lang/Runnable;)V+16
j  org.gradle.internal.model.StateTransitionController$$Lambda$719+0x000001dd8155b840.run()V+16
j  org.gradle.internal.work.DefaultSynchronizer.withLock(Ljava/lang/Runnable;)V+6
j  org.gradle.internal.model.StateTransitionController.maybeTransitionIfNotCurrentlyTransitioning(Lorg/gradle/internal/model/StateTransitionController$State;Lorg/gradle/internal/model/StateTransitionController$State;Ljava/lang/Runnable;)V+13
j  org.gradle.api.internal.project.ProjectLifecycleController.ensureSelfConfigured()V+16
j  org.gradle.api.internal.project.DefaultProjectStateRegistry$ProjectStateImpl.ensureConfigured()V+19
j  org.gradle.execution.TaskPathProjectEvaluator.configure(Lorg/gradle/api/internal/project/ProjectInternal;)V+6
j  org.gradle.execution.TaskPathProjectEvaluator.configureHierarchy(Lorg/gradle/api/internal/project/ProjectInternal;)V+41
j  org.gradle.configuration.DefaultProjectsPreparer.prepareProjects(Lorg/gradle/api/internal/GradleInternal;)V+29
j  org.gradle.configuration.BuildTreePreparingProjectsPreparer.prepareProjects(Lorg/gradle/api/internal/GradleInternal;)V+114
j  org.gradle.configuration.BuildOperationFiringProjectsPreparer$ConfigureBuild.run(Lorg/gradle/internal/operations/BuildOperationContext;)V+11
j  org.gradle.internal.operations.DefaultBuildOperationRunner$1.execute(Lorg/gradle/internal/operations/RunnableBuildOperation;Lorg/gradle/internal/operations/BuildOperationContext;)V+2
j  org.gradle.internal.operations.DefaultBuildOperationRunner$1.execute(Lorg/gradle/internal/operations/BuildOperation;Lorg/gradle/internal/operations/BuildOperationContext;)V+6
j  org.gradle.internal.operations.DefaultBuildOperationRunner$2.execute(Lorg/gradle/internal/operations/BuildOperationDescriptor;Lorg/gradle/internal/operations/BuildOperationState;Lorg/gradle/internal/operations/BuildOperationState;Lorg/gradle/internal/operations/DefaultBuildOperationRunner$ReadableBuildOperationContext;Lorg/gradle/internal/operations/DefaultBuildOperationRunner$BuildOperationExecutionListener;)Lorg/gradle/internal/operations/BuildOperation;+22
j  org.gradle.internal.operations.DefaultBuildOperationRunner$2.execute(Lorg/gradle/internal/operations/BuildOperationDescriptor;Lorg/gradle/internal/operations/BuildOperationState;Lorg/gradle/internal/operations/BuildOperationState;Lorg/gradle/internal/operations/DefaultBuildOperationRunner$ReadableBuildOperationContext;Lorg/gradle/internal/operations/DefaultBuildOperationRunner$BuildOperationExecutionListener;)Ljava/lang/Object;+8
j  org.gradle.internal.operations.DefaultBuildOperationRunner.execute(Lorg/gradle/internal/operations/BuildOperationDescriptor$Builder;Lorg/gradle/internal/operations/BuildOperationState;Lorg/gradle/internal/operations/DefaultBuildOperationRunner$BuildOperationExecution;)Ljava/lang/Object;+141
j  org.gradle.internal.operations.DefaultBuildOperationRunner.execute(Lorg/gradle/internal/operations/BuildOperation;Lorg/gradle/internal/operations/BuildOperationWorker;Lorg/gradle/internal/operations/BuildOperationState;)V+18
j  org.gradle.internal.operations.DefaultBuildOperationRunner.run(Lorg/gradle/internal/operations/RunnableBuildOperation;)V+9
j  org.gradle.internal.operations.DefaultBuildOperationExecutor.run(Lorg/gradle/internal/operations/RunnableBuildOperation;)V+5
j  org.gradle.configuration.BuildOperationFiringProjectsPreparer.prepareProjects(Lorg/gradle/api/internal/GradleInternal;)V+13
j  org.gradle.initialization.VintageBuildModelController.lambda$prepareProjects$2()V+8
j  org.gradle.initialization.VintageBuildModelController$$Lambda$698+0x000001dd8153bb80.run()V+4
j  org.gradle.internal.model.StateTransitionController.lambda$doTransition$14(Ljava/lang/Runnable;)Lorg/gradle/internal/build/ExecutionResult;+1
j  org.gradle.internal.model.StateTransitionController$$Lambda$305+0x000001dd8132e458.get()Ljava/lang/Object;+4
j  org.gradle.internal.model.StateTransitionController.doTransition(Lorg/gradle/internal/model/StateTransitionController$State;Lorg/gradle/internal/model/StateTransitionController$State;Ljava/util/function/Supplier;)Lorg/gradle/internal/build/ExecutionResult;+24
j  org.gradle.internal.model.StateTransitionController.doTransition(Lorg/gradle/internal/model/StateTransitionController$State;Lorg/gradle/internal/model/StateTransitionController$State;Ljava/lang/Runnable;)V+9
j  org.gradle.internal.model.StateTransitionController.lambda$transitionIfNotPreviously$11(Lorg/gradle/internal/model/StateTransitionController$State;Lorg/gradle/internal/model/StateTransitionController$State;Ljava/lang/Runnable;)V+16
j  org.gradle.internal.model.StateTransitionController$$Lambda$304+0x000001dd8132e238.run()V+16
j  org.gradle.internal.work.DefaultSynchronizer.withLock(Ljava/lang/Runnable;)V+6
j  org.gradle.internal.model.StateTransitionController.transitionIfNotPreviously(Lorg/gradle/internal/model/StateTransitionController$State;Lorg/gradle/internal/model/StateTransitionController$State;Ljava/lang/Runnable;)V+13
j  org.gradle.initialization.VintageBuildModelController.prepareProjects()V+16
j  org.gradle.initialization.VintageBuildModelController.getConfiguredModel()Lorg/gradle/api/internal/GradleInternal;+5
j  org.gradle.internal.build.DefaultBuildLifecycleController.lambda$withProjectsConfigured$1(Ljava/util/function/Function;)Ljava/lang/Object;+5
j  org.gradle.internal.build.DefaultBuildLifecycleController$$Lambda$301+0x000001dd8132dbd8.get()Ljava/lang/Object;+8
j  org.gradle.internal.model.StateTransitionController.lambda$notInState$3(Lorg/gradle/internal/model/StateTransitionController$State;Ljava/util/function/Supplier;)Ljava/lang/Object;+11
j  org.gradle.internal.model.StateTransitionController$$Lambda$302+0x000001dd8132ddf8.create()Ljava/lang/Object;+12
j  org.gradle.internal.work.DefaultSynchronizer.withLock(Lorg/gradle/internal/Factory;)Ljava/lang/Object;+6
j  org.gradle.internal.model.StateTransitionController.notInState(Lorg/gradle/internal/model/StateTransitionController$State;Ljava/util/function/Supplier;)Ljava/lang/Object;+12
j  org.gradle.internal.build.DefaultBuildLifecycleController.withProjectsConfigured(Ljava/util/function/Function;)Ljava/lang/Object;+14
j  org.gradle.internal.build.DefaultBuildToolingModelController.locateBuilderForTarget(Ljava/lang/String;Z)Lorg/gradle/tooling/provider/model/internal/ToolingModelScope;+38
j  org.gradle.internal.buildtree.DefaultBuildTreeModelCreator$DefaultBuildTreeModelController.lambda$locateBuilderForTarget$0(Ljava/lang/String;ZLorg/gradle/internal/build/BuildToolingModelController;)Lorg/gradle/tooling/provider/model/internal/ToolingModelScope;+3
j  org.gradle.internal.buildtree.DefaultBuildTreeModelCreator$DefaultBuildTreeModelController$$Lambda$298+0x000001dd813222b0.apply(Ljava/lang/Object;)Ljava/lang/Object;+12
j  org.gradle.internal.build.DefaultBuildLifecycleController.withToolingModels(Ljava/util/function/Function;)Ljava/lang/Object;+15
j  org.gradle.internal.build.AbstractBuildState.withToolingModels(Ljava/util/function/Function;)Ljava/lang/Object;+5
j  org.gradle.internal.buildtree.DefaultBuildTreeModelCreator$DefaultBuildTreeModelController.locateBuilderForTarget(Lorg/gradle/internal/build/BuildState;Ljava/lang/String;Z)Lorg/gradle/tooling/provider/model/internal/ToolingModelScope;+8
j  org.gradle.internal.buildtree.DefaultBuildTreeModelCreator$DefaultBuildTreeModelController.locateBuilderForDefaultTarget(Ljava/lang/String;Z)Lorg/gradle/tooling/provider/model/internal/ToolingModelScope;+10
j  org.gradle.tooling.internal.provider.runner.BuildModelActionRunner$ModelCreateAction.fromBuildModel(Lorg/gradle/internal/buildtree/BuildTreeModelController;)Ljava/lang/Object;+11
j  org.gradle.internal.buildtree.DefaultBuildTreeModelCreator.fromBuildModel(Lorg/gradle/internal/buildtree/BuildTreeModelAction;)Ljava/lang/Object;+10
j  org.gradle.internal.buildtree.DefaultBuildTreeLifecycleController.lambda$fromBuildModel$2(Lorg/gradle/internal/buildtree/BuildTreeModelAction;Z)Lorg/gradle/internal/build/ExecutionResult;+57
j  org.gradle.internal.buildtree.DefaultBuildTreeLifecycleController$$Lambda$294+0x000001dd813213c8.get()Ljava/lang/Object;+12
j  org.gradle.internal.buildtree.DefaultBuildTreeLifecycleController.lambda$runBuild$4(Ljava/util/function/Supplier;)Ljava/lang/Object;+1
j  org.gradle.internal.buildtree.DefaultBuildTreeLifecycleController$$Lambda$295+0x000001dd813215e8.get()Ljava/lang/Object;+8
j  org.gradle.internal.model.StateTransitionController.lambda$transition$6(Ljava/util/function/Supplier;)Lorg/gradle/internal/build/ExecutionResult;+1
j  org.gradle.internal.model.StateTransitionController$$Lambda$297+0x000001dd81321a28.get()Ljava/lang/Object;+4
j  org.gradle.internal.model.StateTransitionController.doTransition(Lorg/gradle/internal/model/StateTransitionController$State;Lorg/gradle/internal/model/StateTransitionController$State;Ljava/util/function/Supplier;)Lorg/gradle/internal/build/ExecutionResult;+24
j  org.gradle.internal.model.StateTransitionController.lambda$transition$7(Lorg/gradle/internal/model/StateTransitionController$State;Lorg/gradle/internal/model/StateTransitionController$State;Ljava/util/function/Supplier;)Ljava/lang/Object;+9
j  org.gradle.internal.model.StateTransitionController$$Lambda$296+0x000001dd81321808.create()Ljava/lang/Object;+16
j  org.gradle.internal.work.DefaultSynchronizer.withLock(Lorg/gradle/internal/Factory;)Ljava/lang/Object;+6
j  org.gradle.internal.model.StateTransitionController.transition(Lorg/gradle/internal/model/StateTransitionController$State;Lorg/gradle/internal/model/StateTransitionController$State;Ljava/util/function/Supplier;)Ljava/lang/Object;+13
j  org.gradle.internal.buildtree.DefaultBuildTreeLifecycleController.runBuild(Ljava/util/function/Supplier;)Ljava/lang/Object;+17
j  org.gradle.internal.buildtree.DefaultBuildTreeLifecycleController.fromBuildModel(ZLorg/gradle/internal/buildtree/BuildTreeModelAction;)Ljava/lang/Object;+9
j  org.gradle.tooling.internal.provider.runner.BuildModelActionRunner.run(Lorg/gradle/internal/invocation/BuildAction;Lorg/gradle/internal/buildtree/BuildTreeLifecycleController;)Lorg/gradle/internal/buildtree/BuildActionRunner$Result;+40
j  org.gradle.launcher.exec.ChainingBuildActionRunner.run(Lorg/gradle/internal/invocation/BuildAction;Lorg/gradle/internal/buildtree/BuildTreeLifecycleController;)Lorg/gradle/internal/buildtree/BuildActionRunner$Result;+34
j  org.gradle.internal.buildtree.ProblemReportingBuildActionRunner.run(Lorg/gradle/internal/invocation/BuildAction;Lorg/gradle/internal/buildtree/BuildTreeLifecycleController;)Lorg/gradle/internal/buildtree/BuildActionRunner$Result;+12
j  org.gradle.launcher.exec.BuildOutcomeReportingBuildActionRunner.run(Lorg/gradle/internal/invocation/BuildAction;Lorg/gradle/internal/buildtree/BuildTreeLifecycleController;)Lorg/gradle/internal/buildtree/BuildActionRunner$Result;+69
j  org.gradle.tooling.internal.provider.FileSystemWatchingBuildActionRunner.run(Lorg/gradle/internal/invocation/BuildAction;Lorg/gradle/internal/buildtree/BuildTreeLifecycleController;)Lorg/gradle/internal/buildtree/BuildActionRunner$Result;+335
j  org.gradle.launcher.exec.BuildCompletionNotifyingBuildActionRunner.run(Lorg/gradle/internal/invocation/BuildAction;Lorg/gradle/internal/buildtree/BuildTreeLifecycleController;)Lorg/gradle/internal/buildtree/BuildActionRunner$Result;+6
j  org.gradle.launcher.exec.RootBuildLifecycleBuildActionExecutor.lambda$execute$0(Lorg/gradle/internal/invocation/BuildAction;Lorg/gradle/internal/buildtree/BuildTreeLifecycleController;)Lorg/gradle/internal/buildtree/BuildActionRunner$Result;+6
j  org.gradle.launcher.exec.RootBuildLifecycleBuildActionExecutor$$Lambda$263+0x000001dd81304800.apply(Ljava/lang/Object;)Ljava/lang/Object;+12
j  org.gradle.composite.internal.DefaultRootBuildState.run(Ljava/util/function/Function;)Ljava/lang/Object;+87
j  org.gradle.launcher.exec.RootBuildLifecycleBuildActionExecutor.execute(Lorg/gradle/internal/invocation/BuildAction;Lorg/gradle/internal/buildtree/BuildTreeContext;)Lorg/gradle/internal/buildtree/BuildActionRunner$Result;+28
j  org.gradle.internal.buildtree.InitDeprecationLoggingActionExecutor.execute(Lorg/gradle/internal/invocation/BuildAction;Lorg/gradle/internal/buildtree/BuildTreeContext;)Lorg/gradle/internal/buildtree/BuildActionRunner$Result;+83
j  org.gradle.internal.buildtree.InitProblems.execute(Lorg/gradle/internal/invocation/BuildAction;Lorg/gradle/internal/buildtree/BuildTreeContext;)Lorg/gradle/internal/buildtree/BuildActionRunner$Result;+13
j  org.gradle.internal.buildtree.DefaultBuildTreeContext.execute(Lorg/gradle/internal/invocation/BuildAction;)Lorg/gradle/internal/buildtree/BuildActionRunner$Result;+64
j  org.gradle.launcher.exec.BuildTreeLifecycleBuildActionExecutor.lambda$execute$0(Lorg/gradle/internal/invocation/BuildAction;Lorg/gradle/internal/buildtree/BuildTreeContext;)Lorg/gradle/internal/buildtree/BuildActionRunner$Result;+2
j  org.gradle.launcher.exec.BuildTreeLifecycleBuildActionExecutor$$Lambda$205+0x000001dd81268838.apply(Ljava/lang/Object;)Ljava/lang/Object;+8
j  org.gradle.internal.buildtree.BuildTreeState.run(Ljava/util/function/Function;)Ljava/lang/Object;+45
j  org.gradle.launcher.exec.BuildTreeLifecycleBuildActionExecutor.execute(Lorg/gradle/internal/invocation/BuildAction;Lorg/gradle/internal/session/BuildSessionContext;)Lorg/gradle/internal/buildtree/BuildActionRunner$Result;+74
j  org.gradle.launcher.exec.RunAsBuildOperationBuildActionExecutor$3.call(Lorg/gradle/internal/operations/BuildOperationContext;)Lorg/gradle/internal/buildtree/BuildActionRunner$Result;+25
j  org.gradle.launcher.exec.RunAsBuildOperationBuildActionExecutor$3.call(Lorg/gradle/internal/operations/BuildOperationContext;)Ljava/lang/Object;+2
j  org.gradle.internal.operations.DefaultBuildOperationRunner$CallableBuildOperationWorker.execute(Lorg/gradle/internal/operations/CallableBuildOperation;Lorg/gradle/internal/operations/BuildOperationContext;)V+3
j  org.gradle.internal.operations.DefaultBuildOperationRunner$CallableBuildOperationWorker.execute(Lorg/gradle/internal/operations/BuildOperation;Lorg/gradle/internal/operations/BuildOperationContext;)V+6
j  org.gradle.internal.operations.DefaultBuildOperationRunner$2.execute(Lorg/gradle/internal/operations/BuildOperationDescriptor;Lorg/gradle/internal/operations/BuildOperationState;Lorg/gradle/internal/operations/BuildOperationState;Lorg/gradle/internal/operations/DefaultBuildOperationRunner$ReadableBuildOperationContext;Lorg/gradle/internal/operations/DefaultBuildOperationRunner$BuildOperationExecutionListener;)Lorg/gradle/internal/operations/BuildOperation;+22
j  org.gradle.internal.operations.DefaultBuildOperationRunner$2.execute(Lorg/gradle/internal/operations/BuildOperationDescriptor;Lorg/gradle/internal/operations/BuildOperationState;Lorg/gradle/internal/operations/BuildOperationState;Lorg/gradle/internal/operations/DefaultBuildOperationRunner$ReadableBuildOperationContext;Lorg/gradle/internal/operations/DefaultBuildOperationRunner$BuildOperationExecutionListener;)Ljava/lang/Object;+8
j  org.gradle.internal.operations.DefaultBuildOperationRunner.execute(Lorg/gradle/internal/operations/BuildOperationDescriptor$Builder;Lorg/gradle/internal/operations/BuildOperationState;Lorg/gradle/internal/operations/DefaultBuildOperationRunner$BuildOperationExecution;)Ljava/lang/Object;+141
j  org.gradle.internal.operations.DefaultBuildOperationRunner.execute(Lorg/gradle/internal/operations/BuildOperation;Lorg/gradle/internal/operations/BuildOperationWorker;Lorg/gradle/internal/operations/BuildOperationState;)V+18
j  org.gradle.internal.operations.DefaultBuildOperationRunner.call(Lorg/gradle/internal/operations/CallableBuildOperation;)Ljava/lang/Object;+16
j  org.gradle.internal.operations.DefaultBuildOperationExecutor.call(Lorg/gradle/internal/operations/CallableBuildOperation;)Ljava/lang/Object;+5
j  org.gradle.launcher.exec.RunAsBuildOperationBuildActionExecutor.execute(Lorg/gradle/internal/invocation/BuildAction;Lorg/gradle/internal/session/BuildSessionContext;)Lorg/gradle/internal/buildtree/BuildActionRunner$Result;+23
j  org.gradle.launcher.exec.RunAsWorkerThreadBuildActionExecutor.lambda$execute$0(Lorg/gradle/internal/invocation/BuildAction;Lorg/gradle/internal/session/BuildSessionContext;)Lorg/gradle/internal/buildtree/BuildActionRunner$Result;+6
j  org.gradle.launcher.exec.RunAsWorkerThreadBuildActionExecutor$$Lambda$198+0x000001dd8123e618.create()Ljava/lang/Object;+12
j  org.gradle.internal.work.DefaultWorkerLeaseService.withLocks(Ljava/util/Collection;Lorg/gradle/internal/Factory;)Ljava/lang/Object;+28
j  org.gradle.internal.work.DefaultWorkerLeaseService.runAsWorkerThread(Lorg/gradle/internal/Factory;)Ljava/lang/Object;+33
j  org.gradle.launcher.exec.RunAsWorkerThreadBuildActionExecutor.execute(Lorg/gradle/internal/invocation/BuildAction;Lorg/gradle/internal/session/BuildSessionContext;)Lorg/gradle/internal/buildtree/BuildActionRunner$Result;+12
j  org.gradle.tooling.internal.provider.continuous.ContinuousBuildActionExecutor.execute(Lorg/gradle/internal/invocation/BuildAction;Lorg/gradle/internal/session/BuildSessionContext;)Lorg/gradle/internal/buildtree/BuildActionRunner$Result;+58
j  org.gradle.tooling.internal.provider.SubscribableBuildActionExecutor.execute(Lorg/gradle/internal/invocation/BuildAction;Lorg/gradle/internal/session/BuildSessionContext;)Lorg/gradle/internal/buildtree/BuildActionRunner$Result;+30
j  org.gradle.internal.session.DefaultBuildSessionContext.execute(Lorg/gradle/internal/invocation/BuildAction;)Lorg/gradle/internal/buildtree/BuildActionRunner$Result;+64
j  org.gradle.tooling.internal.provider.BuildSessionLifecycleBuildActionExecuter$ActionImpl.apply(Lorg/gradle/internal/session/BuildSessionContext;)Lorg/gradle/launcher/exec/BuildActionResult;+6
j  org.gradle.tooling.internal.provider.BuildSessionLifecycleBuildActionExecuter$ActionImpl.apply(Ljava/lang/Object;)Ljava/lang/Object;+5
j  org.gradle.internal.session.BuildSessionState.run(Ljava/util/function/Function;)Ljava/lang/Object;+5
j  org.gradle.tooling.internal.provider.BuildSessionLifecycleBuildActionExecuter.execute(Lorg/gradle/internal/invocation/BuildAction;Lorg/gradle/launcher/exec/BuildActionParameters;Lorg/gradle/initialization/BuildRequestContext;)Lorg/gradle/launcher/exec/BuildActionResult;+95
j  org.gradle.tooling.internal.provider.BuildSessionLifecycleBuildActionExecuter.execute(Lorg/gradle/internal/invocation/BuildAction;Ljava/lang/Object;Ljava/lang/Object;)Lorg/gradle/launcher/exec/BuildActionResult;+10
j  org.gradle.tooling.internal.provider.StartParamsValidatingActionExecuter.execute(Lorg/gradle/internal/invocation/BuildAction;Lorg/gradle/launcher/exec/BuildActionParameters;Lorg/gradle/initialization/BuildRequestContext;)Lorg/gradle/launcher/exec/BuildActionResult;+203
j  org.gradle.tooling.internal.provider.StartParamsValidatingActionExecuter.execute(Lorg/gradle/internal/invocation/BuildAction;Ljava/lang/Object;Ljava/lang/Object;)Lorg/gradle/launcher/exec/BuildActionResult;+10
j  org.gradle.tooling.internal.provider.SessionFailureReportingActionExecuter.execute(Lorg/gradle/internal/invocation/BuildAction;Lorg/gradle/launcher/exec/BuildActionParameters;Lorg/gradle/initialization/BuildRequestContext;)Lorg/gradle/launcher/exec/BuildActionResult;+7
j  org.gradle.tooling.internal.provider.SessionFailureReportingActionExecuter.execute(Lorg/gradle/internal/invocation/BuildAction;Ljava/lang/Object;Ljava/lang/Object;)Lorg/gradle/launcher/exec/BuildActionResult;+10
j  org.gradle.tooling.internal.provider.SetupLoggingActionExecuter.execute(Lorg/gradle/internal/invocation/BuildAction;Lorg/gradle/launcher/exec/BuildActionParameters;Lorg/gradle/initialization/BuildRequestContext;)Lorg/gradle/launcher/exec/BuildActionResult;+50
j  org.gradle.tooling.internal.provider.SetupLoggingActionExecuter.execute(Lorg/gradle/internal/invocation/BuildAction;Ljava/lang/Object;Ljava/lang/Object;)Lorg/gradle/launcher/exec/BuildActionResult;+10
j  org.gradle.launcher.daemon.server.exec.ExecuteBuild.doBuild(Lorg/gradle/launcher/daemon/server/api/DaemonCommandExecution;Lorg/gradle/launcher/daemon/protocol/Build;)V+117
j  org.gradle.launcher.daemon.server.exec.BuildCommandOnly.execute(Lorg/gradle/launcher/daemon/server/api/DaemonCommandExecution;)V+49
j  org.gradle.launcher.daemon.server.api.DaemonCommandExecution.proceed()Z+23
j  org.gradle.launcher.daemon.server.exec.WatchForDisconnection.execute(Lorg/gradle/launcher/daemon/server/api/DaemonCommandExecution;)V+19
j  org.gradle.launcher.daemon.server.api.DaemonCommandExecution.proceed()Z+23
j  org.gradle.launcher.daemon.server.exec.ResetDeprecationLogger.execute(Lorg/gradle/launcher/daemon/server/api/DaemonCommandExecution;)V+7
j  org.gradle.launcher.daemon.server.api.DaemonCommandExecution.proceed()Z+23
j  org.gradle.launcher.daemon.server.exec.RequestStopIfSingleUsedDaemon.execute(Lorg/gradle/launcher/daemon/server/api/DaemonCommandExecution;)V+33
j  org.gradle.launcher.daemon.server.api.DaemonCommandExecution.proceed()Z+23
j  org.gradle.launcher.daemon.server.exec.ForwardClientInput$2.create()Ljava/lang/Void;+4
j  org.gradle.launcher.daemon.server.exec.ForwardClientInput$2.create()Ljava/lang/Object;+1
j  org.gradle.util.internal.Swapper.swap(Ljava/lang/Object;Lorg/gradle/internal/Factory;)Ljava/lang/Object;+21
j  org.gradle.launcher.daemon.server.exec.ForwardClientInput.execute(Lorg/gradle/launcher/daemon/server/api/DaemonCommandExecution;)V+63
j  org.gradle.launcher.daemon.server.api.DaemonCommandExecution.proceed()Z+23
j  org.gradle.launcher.daemon.server.exec.LogAndCheckHealth.execute(Lorg/gradle/launcher/daemon/server/api/DaemonCommandExecution;)V+51
j  org.gradle.launcher.daemon.server.api.DaemonCommandExecution.proceed()Z+23
j  org.gradle.launcher.daemon.server.exec.LogToClient.doBuild(Lorg/gradle/launcher/daemon/server/api/DaemonCommandExecution;Lorg/gradle/launcher/daemon/protocol/Build;)V+87
j  org.gradle.launcher.daemon.server.exec.BuildCommandOnly.execute(Lorg/gradle/launcher/daemon/server/api/DaemonCommandExecution;)V+49
j  org.gradle.launcher.daemon.server.api.DaemonCommandExecution.proceed()Z+23
j  org.gradle.launcher.daemon.server.exec.EstablishBuildEnvironment.doBuild(Lorg/gradle/launcher/daemon/server/api/DaemonCommandExecution;Lorg/gradle/launcher/daemon/protocol/Build;)V+356
j  org.gradle.launcher.daemon.server.exec.BuildCommandOnly.execute(Lorg/gradle/launcher/daemon/server/api/DaemonCommandExecution;)V+49
j  org.gradle.launcher.daemon.server.api.DaemonCommandExecution.proceed()Z+23
j  org.gradle.launcher.daemon.server.exec.StartBuildOrRespondWithBusy$1.run()V+44
j  org.gradle.launcher.daemon.server.DaemonStateCoordinator$1.run()V+4
j  org.gradle.internal.concurrent.ExecutorPolicy$CatchAndRecordFailures.onExecute(Ljava/lang/Runnable;)V+1
j  org.gradle.internal.concurrent.AbstractManagedExecutor$1.run()V+25
j  java.util.concurrent.ThreadPoolExecutor.runWorker(Ljava/util/concurrent/ThreadPoolExecutor$Worker;)V+92 java.base@17.0.17
j  java.util.concurrent.ThreadPoolExecutor$Worker.run()V+5 java.base@17.0.17
j  java.lang.Thread.run()V+11 java.base@17.0.17
v  ~StubRoutines::call_stub
new  187 new  [0x000001dddd42b720, 0x000001dddd42b940]  544 bytes
[MachCode]
  0x000001dddd42b720: 4883 ec08 | c5fa 1104 | 24eb 1f48 | 83ec 10c5 | fb11 0424 | eb14 4883 | ec10 4889 | 0424 48c7 
  0x000001dddd42b740: 4424 0800 | 0000 00eb | 0150 410f | b755 010f | cac1 ea10 | 488b 4de8 | 488b 4908 | 488b 4908 
  0x000001dddd42b760: 488b 4108 | 807c 1004 | 070f 85df | 0000 0066 | 8b54 d148 | 488b 4928 | 488b 4cd1 | 0851 80b9 
  0x000001dddd42b780: 3301 0000 | 040f 85c2 | 0000 008b | 5108 f7c2 | 0100 0000 | 0f85 b300 | 0000 498b | 8708 0100 
  0x000001dddd42b7a0: 0048 8d1c | 1049 3b9f | 1801 0000 | 0f87 9b00 | 0000 4989 | 9f08 0100 | 00e9 0000 | 0000 4883 
  0x000001dddd42b7c0: ea10 0f84 | 0f00 0000 | 33c9 c1ea | 0348 894c | d008 48ff | ca75 f648 | c700 0100 | 0000 5933 
  0x000001dddd42b7e0: f689 700c | 49ba 0000 | 0080 dd01 | 0000 492b | ca89 4808 | 49ba d6c6 | da06 fa7f | 0000 4180 
  0x000001dddd42b800: 3a00 0f84 | 4000 0000 | 5048 8bc8 | 4883 ec20 | f7c4 0f00 | 0000 0f84 | 1a00 0000 | 4883 ec08 
  0x000001dddd42b820: 49ba 3099 | 9006 fa7f | 0000 41ff | d248 83c4 | 08e9 0d00 | 0000 49ba | 3099 9006 | fa7f 0000 
  0x000001dddd42b840: 41ff d248 | 83c4 2058 | e9cd 0000 | 0059 488b | 55e8 488b | 5208 488b | 5208 450f | b745 0141 
  0x000001dddd42b860: 0fc8 41c1 | e810 e805 | 0000 00e9 | aa00 0000 | 488d 4424 | 084c 896d | c049 8bcf | c5f8 7749 
  0x000001dddd42b880: 89af a802 | 0000 4989 | 8798 0200 | 0048 83ec | 20f7 c40f | 0000 000f | 841a 0000 | 0048 83ec 
  0x000001dddd42b8a0: 0849 ba00 | 485a 06fa | 7f00 0041 | ffd2 4883 | c408 e90d | 0000 0049 | ba00 485a | 06fa 7f00 
  0x000001dddd42b8c0: 0041 ffd2 | 4883 c420 | 49c7 8798 | 0200 0000 | 0000 0049 | c787 a802 | 0000 0000 | 0000 49c7 
  0x000001dddd42b8e0: 87a0 0200 | 0000 0000 | 00c5 f877 | 4981 7f08 | 0000 0000 | 0f84 0500 | 0000 e901 | 56fe ff49 
  0x000001dddd42b900: 8b87 f002 | 0000 49c7 | 87f0 0200 | 0000 0000 | 004c 8b6d | c04c 8b75 | c8c3 410f | b65d 0349 
  0x000001dddd42b920: 83c5 0349 | ba60 37dd | 06fa 7f00 | 0041 ff24 | da0f 1f80 | 0000 0000 | 0000 0000 | 0000 0000 
[/MachCode]

---------------  P R O C E S S  ---------------

Threads class SMR info:
_java_thread_list=0x000001ddf457c7d0, length=34, elements={
0x000001ddccb4e4e0, 0x000001ddec70bb50, 0x000001ddec70c8e0, 0x000001ddec71b710,
0x000001ddec71f400, 0x000001ddec720470, 0x000001ddec7214e0, 0x000001ddec722190,
0x000001ddec733880, 0x000001ddec78e0f0, 0x000001ddec95d320, 0x000001ddec95d830,
0x000001ddec95c900, 0x000001ddec95ce10, 0x000001ddec95b9d0, 0x000001ddec95dd40,
0x000001ddec95afb0, 0x000001ddec95bee0, 0x000001ddec95e250, 0x000001ddec95e760,
0x000001ddec95b4c0, 0x000001ddf23d2fb0, 0x000001ddf23d34c0, 0x000001ddf23d3ee0,
0x000001ddf23cf800, 0x000001ddf23ce8d0, 0x000001ddf23d43f0, 0x000001ddf23d5830,
0x000001ddf23cf2f0, 0x000001ddf23d4900, 0x000001ddf23d0730, 0x000001ddf23d1660,
0x000001ddf23d0220, 0x000001ddf26a2c40
}

Java Threads: ( => current thread )
  0x000001ddccb4e4e0 JavaThread "main" [_thread_blocked, id=7780, stack(0x0000007649a00000,0x0000007649b00000)]
  0x000001ddec70bb50 JavaThread "Reference Handler" daemon [_thread_blocked, id=24216, stack(0x000000764a100000,0x000000764a200000)]
  0x000001ddec70c8e0 JavaThread "Finalizer" daemon [_thread_blocked, id=6828, stack(0x000000764a200000,0x000000764a300000)]
  0x000001ddec71b710 JavaThread "Signal Dispatcher" daemon [_thread_blocked, id=24428, stack(0x000000764a300000,0x000000764a400000)]
  0x000001ddec71f400 JavaThread "Attach Listener" daemon [_thread_blocked, id=22944, stack(0x000000764a400000,0x000000764a500000)]
  0x000001ddec720470 JavaThread "Service Thread" daemon [_thread_blocked, id=8060, stack(0x000000764a500000,0x000000764a600000)]
  0x000001ddec7214e0 JavaThread "Monitor Deflation Thread" daemon [_thread_blocked, id=11656, stack(0x000000764a600000,0x000000764a700000)]
  0x000001ddec722190 JavaThread "C2 CompilerThread0" daemon [_thread_blocked, id=20228, stack(0x000000764a700000,0x000000764a800000)]
  0x000001ddec733880 JavaThread "C1 CompilerThread0" daemon [_thread_blocked, id=6360, stack(0x000000764a800000,0x000000764a900000)]
  0x000001ddec78e0f0 JavaThread "Sweeper thread" daemon [_thread_blocked, id=10668, stack(0x000000764a900000,0x000000764aa00000)]
  0x000001ddec95d320 JavaThread "Common-Cleaner" daemon [_thread_blocked, id=14048, stack(0x000000764aa00000,0x000000764ab00000)]
  0x000001ddec95d830 JavaThread "Notification Thread" daemon [_thread_blocked, id=20752, stack(0x000000764ab00000,0x000000764ac00000)]
  0x000001ddec95c900 JavaThread "Daemon health stats" [_thread_blocked, id=21432, stack(0x000000764b100000,0x000000764b200000)]
  0x000001ddec95ce10 JavaThread "Incoming local TCP Connector on port 56864" [_thread_in_native, id=16592, stack(0x000000764b200000,0x000000764b300000)]
  0x000001ddec95b9d0 JavaThread "Daemon periodic checks" [_thread_blocked, id=14608, stack(0x000000764b300000,0x000000764b400000)]
  0x000001ddec95dd40 JavaThread "Daemon" [_thread_blocked, id=1540, stack(0x000000764b400000,0x000000764b500000)]
  0x000001ddec95afb0 JavaThread "Handler for socket connection from /127.0.0.1:56864 to /127.0.0.1:56866" [_thread_in_native, id=22172, stack(0x000000764b500000,0x000000764b600000)]
  0x000001ddec95bee0 JavaThread "Cancel handler" [_thread_blocked, id=12160, stack(0x000000764b600000,0x000000764b700000)]
=>0x000001ddec95e250 JavaThread "Daemon worker" [_thread_in_vm, id=10712, stack(0x000000764b700000,0x000000764b800000)]
  0x000001ddec95e760 JavaThread "Asynchronous log dispatcher for DefaultDaemonConnection: socket connection from /127.0.0.1:56864 to /127.0.0.1:56866" [_thread_blocked, id=6732, stack(0x000000764b800000,0x000000764b900000)]
  0x000001ddec95b4c0 JavaThread "Daemon client event forwarder" [_thread_blocked, id=11704, stack(0x000000764ba00000,0x000000764bb00000)]
  0x000001ddf23d2fb0 JavaThread "Cache worker for journal cache (C:\Users\user\.gradle\caches\journal-1)" [_thread_blocked, id=13772, stack(0x000000764bb00000,0x000000764bc00000)]
  0x000001ddf23d34c0 JavaThread "File lock request listener" [_thread_in_native, id=15232, stack(0x000000764bc00000,0x000000764bd00000)]
  0x000001ddf23d3ee0 JavaThread "Cache worker for file hash cache (C:\Users\user\.gradle\caches\8.7\fileHashes)" [_thread_blocked, id=11956, stack(0x000000764bd00000,0x000000764be00000)]
  0x000001ddf23cf800 JavaThread "Cache worker for file hash cache (C:\Users\user\.copilot\repos\AndroidSA\.gradle\8.7\fileHashes)" [_thread_blocked, id=15180, stack(0x000000764bf00000,0x000000764c000000)]
  0x000001ddf23ce8d0 JavaThread "File watcher server" daemon [_thread_in_native, id=12736, stack(0x000000764c000000,0x000000764c100000)]
  0x000001ddf23d43f0 JavaThread "File watcher consumer" daemon [_thread_blocked, id=4476, stack(0x000000764c100000,0x000000764c200000)]
  0x000001ddf23d5830 JavaThread "Cache worker for checksums cache (C:\Users\user\.copilot\repos\AndroidSA\.gradle\8.7\checksums)" [_thread_blocked, id=21312, stack(0x000000764c200000,0x000000764c300000)]
  0x000001ddf23cf2f0 JavaThread "Cache worker for cache directory md-supplier (C:\Users\user\.gradle\caches\8.7\md-supplier)" [_thread_blocked, id=11592, stack(0x000000764c300000,0x000000764c400000)]
  0x000001ddf23d4900 JavaThread "Cache worker for cache directory md-rule (C:\Users\user\.gradle\caches\8.7\md-rule)" [_thread_blocked, id=12748, stack(0x000000764c400000,0x000000764c500000)]
  0x000001ddf23d0730 JavaThread "Cache worker for file content cache (C:\Users\user\.gradle\caches\8.7\fileContent)" [_thread_blocked, id=19044, stack(0x000000764c500000,0x000000764c600000)]
  0x000001ddf23d1660 JavaThread "Cache worker for Build Output Cleanup Cache (C:\Users\user\.copilot\repos\AndroidSA\.gradle\buildOutputCleanup)" [_thread_blocked, id=19644, stack(0x0000007649700000,0x0000007649800000)]
  0x000001ddf23d0220 JavaThread "Kotlin DSL Writer" [_thread_blocked, id=15324, stack(0x0000007649800000,0x0000007649900000)]
  0x000001ddf26a2c40 JavaThread "File lock release action executor Thread 3" [_thread_blocked, id=18024, stack(0x0000007649900000,0x0000007649a00000)]

Other Threads:
  0x000001ddec705530 VMThread "VM Thread" [stack: 0x000000764a000000,0x000000764a100000] [id=6232] _threads_hazard_ptr=0x000001ddf457c7d0
  0x000001ddeca911c0 WatcherThread [stack: 0x000000764ac00000,0x000000764ad00000] [id=24556]
  0x000001ddccaee8a0 GCTaskThread "GC Thread#0" [stack: 0x0000007649b00000,0x0000007649c00000] [id=15660]
  0x000001ddf1226d50 GCTaskThread "GC Thread#1" [stack: 0x000000764ad00000,0x000000764ae00000] [id=14544]
  0x000001ddf12396e0 GCTaskThread "GC Thread#2" [stack: 0x000000764ae00000,0x000000764af00000] [id=2360]
  0x000001ddf1650c90 GCTaskThread "GC Thread#3" [stack: 0x000000764af00000,0x000000764b000000] [id=2604]
  0x000001ddccbb4a20 ConcurrentGCThread "G1 Main Marker" [stack: 0x0000007649c00000,0x0000007649d00000] [id=2364]
  0x000001ddccbb59f0 ConcurrentGCThread "G1 Conc#0" [stack: 0x0000007649d00000,0x0000007649e00000] [id=11364]
  0x000001ddccbf8620 ConcurrentGCThread "G1 Refine#0" [stack: 0x0000007649e00000,0x0000007649f00000] [id=20064]
  0x000001ddeccb99d0 ConcurrentGCThread "G1 Refine#1" [stack: 0x000000764b000000,0x000000764b100000] [id=2244]
  0x000001ddf4a15830 ConcurrentGCThread "G1 Refine#2" [stack: 0x000000764b900000,0x000000764ba00000] [id=17364]
  0x000001ddec5c20c0 ConcurrentGCThread "G1 Service" [stack: 0x0000007649f00000,0x000000764a000000] [id=4208]

Threads with active compile tasks:

VM state: synchronizing (normal execution)

VM Mutex/Monitor currently owned by a thread:  ([mutex/lock_event])
[0x000001ddccb4acc0] Metaspace_lock - owner thread: 0x000001ddec95e250
[0x000001ddccb4af00] Threads_lock - owner thread: 0x000001ddec705530

Heap address: 0x0000000080000000, size: 2048 MB, Compressed Oops mode: 32-bit

CDS archive(s) mapped at: [0x000001dd80000000-0x000001dd80bb0000-0x000001dd80bb0000), size 12255232, SharedBaseAddress: 0x000001dd80000000, ArchiveRelocationMode: 1.
Compressed class space mapped at: 0x000001dd81000000-0x000001ddc1000000, reserved size: 1073741824
Narrow klass base: 0x000001dd80000000, Narrow klass shift: 0, Narrow klass range: 0x100000000

GC Precious Log:
 CPUs: 4 total, 4 available
 Memory: 7851M
 Large Page Support: Disabled
 NUMA Support: Disabled
 Compressed Oops: Enabled (32-bit)
 Heap Region Size: 1M
 Heap Min Capacity: 8M
 Heap Initial Capacity: 124M
 Heap Max Capacity: 2G
 Pre-touch: Disabled
 Parallel Workers: 4
 Concurrent Workers: 1
 Concurrent Refinement Workers: 4
 Periodic GC: Disabled

Heap:
 garbage-first heap   total 147456K, used 79776K [0x0000000080000000, 0x0000000100000000)
  region size 1024K, 5 young (5120K), 1 survivors (1024K)
 Metaspace       used 108616K, committed 109184K, reserved 1179648K
  class space    used 13983K, committed 14272K, reserved 1048576K

Heap Regions: E=young(eden), S=young(survivor), O=old, HS=humongous(starts), HC=humongous(continues), CS=collection set, F=free, OA=open archive, CA=closed archive, TAMS=top-at-mark-start (previous, next)
|   0|0x0000000080000000, 0x0000000080100000, 0x0000000080100000|100%| O|  |TAMS 0x0000000080100000, 0x0000000080100000| Untracked 
|   1|0x0000000080100000, 0x0000000080200000, 0x0000000080200000|100%| O|  |TAMS 0x0000000080200000, 0x0000000080200000| Untracked 
|   2|0x0000000080200000, 0x0000000080300000, 0x0000000080300000|100%|HS|  |TAMS 0x0000000080300000, 0x0000000080300000| Complete 
|   3|0x0000000080300000, 0x0000000080400000, 0x0000000080400000|100%|HC|  |TAMS 0x0000000080400000, 0x0000000080400000| Complete 
|   4|0x0000000080400000, 0x0000000080500000, 0x0000000080500000|100%|HC|  |TAMS 0x0000000080500000, 0x0000000080500000| Complete 
|   5|0x0000000080500000, 0x0000000080600000, 0x0000000080600000|100%|HC|  |TAMS 0x0000000080600000, 0x0000000080600000| Complete 
|   6|0x0000000080600000, 0x0000000080700000, 0x0000000080700000|100%| O|  |TAMS 0x0000000080700000, 0x0000000080700000| Untracked 
|   7|0x0000000080700000, 0x0000000080800000, 0x0000000080800000|100%| O|  |TAMS 0x0000000080800000, 0x0000000080800000| Untracked 
|   8|0x0000000080800000, 0x0000000080900000, 0x0000000080900000|100%| O|  |TAMS 0x0000000080900000, 0x0000000080900000| Untracked 
|   9|0x0000000080900000, 0x0000000080a00000, 0x0000000080a00000|100%| O|  |TAMS 0x0000000080a00000, 0x0000000080a00000| Untracked 
|  10|0x0000000080a00000, 0x0000000080b00000, 0x0000000080b00000|100%| O|  |TAMS 0x0000000080b00000, 0x0000000080b00000| Untracked 
|  11|0x0000000080b00000, 0x0000000080c00000, 0x0000000080c00000|100%| O|  |TAMS 0x0000000080c00000, 0x0000000080c00000| Untracked 
|  12|0x0000000080c00000, 0x0000000080d00000, 0x0000000080d00000|100%| O|  |TAMS 0x0000000080d00000, 0x0000000080d00000| Untracked 
|  13|0x0000000080d00000, 0x0000000080e00000, 0x0000000080e00000|100%| O|  |TAMS 0x0000000080e00000, 0x0000000080e00000| Untracked 
|  14|0x0000000080e00000, 0x0000000080f00000, 0x0000000080f00000|100%| O|  |TAMS 0x0000000080f00000, 0x0000000080f00000| Untracked 
|  15|0x0000000080f00000, 0x0000000081000000, 0x0000000081000000|100%| O|  |TAMS 0x0000000081000000, 0x0000000081000000| Untracked 
|  16|0x0000000081000000, 0x0000000081100000, 0x0000000081100000|100%| O|  |TAMS 0x0000000081100000, 0x0000000081100000| Untracked 
|  17|0x0000000081100000, 0x0000000081200000, 0x0000000081200000|100%| O|  |TAMS 0x0000000081200000, 0x0000000081200000| Untracked 
|  18|0x0000000081200000, 0x0000000081300000, 0x0000000081300000|100%| O|  |TAMS 0x0000000081300000, 0x0000000081300000| Untracked 
|  19|0x0000000081300000, 0x0000000081400000, 0x0000000081400000|100%| O|  |TAMS 0x0000000081400000, 0x0000000081400000| Untracked 
|  20|0x0000000081400000, 0x0000000081500000, 0x0000000081500000|100%| O|  |TAMS 0x0000000081500000, 0x0000000081500000| Untracked 
|  21|0x0000000081500000, 0x0000000081600000, 0x0000000081600000|100%| O|  |TAMS 0x0000000081600000, 0x0000000081600000| Untracked 
|  22|0x0000000081600000, 0x0000000081700000, 0x0000000081700000|100%| O|  |TAMS 0x0000000081700000, 0x0000000081700000| Untracked 
|  23|0x0000000081700000, 0x0000000081800000, 0x0000000081800000|100%| O|  |TAMS 0x0000000081800000, 0x0000000081800000| Untracked 
|  24|0x0000000081800000, 0x0000000081900000, 0x0000000081900000|100%| O|  |TAMS 0x0000000081900000, 0x0000000081900000| Untracked 
|  25|0x0000000081900000, 0x0000000081a00000, 0x0000000081a00000|100%| O|  |TAMS 0x0000000081a00000, 0x0000000081a00000| Untracked 
|  26|0x0000000081a00000, 0x0000000081b00000, 0x0000000081b00000|100%| O|  |TAMS 0x0000000081b00000, 0x0000000081b00000| Untracked 
|  27|0x0000000081b00000, 0x0000000081c00000, 0x0000000081c00000|100%| O|  |TAMS 0x0000000081c00000, 0x0000000081c00000| Untracked 
|  28|0x0000000081c00000, 0x0000000081d00000, 0x0000000081d00000|100%| O|  |TAMS 0x0000000081d00000, 0x0000000081d00000| Untracked 
|  29|0x0000000081d00000, 0x0000000081e00000, 0x0000000081e00000|100%| O|  |TAMS 0x0000000081e00000, 0x0000000081e00000| Untracked 
|  30|0x0000000081e00000, 0x0000000081f00000, 0x0000000081f00000|100%| O|  |TAMS 0x0000000081f00000, 0x0000000081f00000| Untracked 
|  31|0x0000000081f00000, 0x0000000082000000, 0x0000000082000000|100%|HS|  |TAMS 0x0000000082000000, 0x0000000082000000| Complete 
|  32|0x0000000082000000, 0x0000000082100000, 0x0000000082100000|100%|HC|  |TAMS 0x0000000082100000, 0x0000000082100000| Complete 
|  33|0x0000000082100000, 0x0000000082200000, 0x0000000082200000|100%|HC|  |TAMS 0x0000000082200000, 0x0000000082200000| Complete 
|  34|0x0000000082200000, 0x0000000082300000, 0x0000000082300000|100%|HC|  |TAMS 0x0000000082300000, 0x0000000082300000| Complete 
|  35|0x0000000082300000, 0x0000000082400000, 0x0000000082400000|100%|HC|  |TAMS 0x0000000082400000, 0x0000000082400000| Complete 
|  36|0x0000000082400000, 0x0000000082500000, 0x0000000082500000|100%|HC|  |TAMS 0x0000000082500000, 0x0000000082500000| Complete 
|  37|0x0000000082500000, 0x0000000082600000, 0x0000000082600000|100%| O|  |TAMS 0x0000000082600000, 0x0000000082600000| Untracked 
|  38|0x0000000082600000, 0x0000000082700000, 0x0000000082700000|100%| O|  |TAMS 0x0000000082700000, 0x0000000082700000| Untracked 
|  39|0x0000000082700000, 0x0000000082800000, 0x0000000082800000|100%| O|  |TAMS 0x0000000082800000, 0x0000000082800000| Untracked 
|  40|0x0000000082800000, 0x0000000082900000, 0x0000000082900000|100%| O|  |TAMS 0x0000000082900000, 0x0000000082900000| Untracked 
|  41|0x0000000082900000, 0x0000000082a00000, 0x0000000082a00000|100%| O|  |TAMS 0x0000000082a00000, 0x0000000082a00000| Untracked 
|  42|0x0000000082a00000, 0x0000000082b00000, 0x0000000082b00000|100%| O|  |TAMS 0x0000000082b00000, 0x0000000082b00000| Untracked 
|  43|0x0000000082b00000, 0x0000000082c00000, 0x0000000082c00000|100%| O|  |TAMS 0x0000000082c00000, 0x0000000082c00000| Untracked 
|  44|0x0000000082c00000, 0x0000000082d00000, 0x0000000082d00000|100%| O|  |TAMS 0x0000000082d00000, 0x0000000082d00000| Untracked 
|  45|0x0000000082d00000, 0x0000000082e00000, 0x0000000082e00000|100%| O|  |TAMS 0x0000000082e00000, 0x0000000082e00000| Untracked 
|  46|0x0000000082e00000, 0x0000000082f00000, 0x0000000082f00000|100%|HS|  |TAMS 0x0000000082f00000, 0x0000000082f00000| Complete 
|  47|0x0000000082f00000, 0x0000000083000000, 0x0000000083000000|100%| O|  |TAMS 0x0000000083000000, 0x0000000083000000| Untracked 
|  48|0x0000000083000000, 0x0000000083100000, 0x0000000083100000|100%| O|  |TAMS 0x0000000083100000, 0x0000000083100000| Untracked 
|  49|0x0000000083100000, 0x0000000083200000, 0x0000000083200000|100%| O|  |TAMS 0x0000000083200000, 0x0000000083200000| Untracked 
|  50|0x0000000083200000, 0x0000000083300000, 0x0000000083300000|100%| O|  |TAMS 0x0000000083300000, 0x0000000083300000| Untracked 
|  51|0x0000000083300000, 0x0000000083400000, 0x0000000083400000|100%| O|  |TAMS 0x0000000083400000, 0x0000000083400000| Untracked 
|  52|0x0000000083400000, 0x0000000083500000, 0x0000000083500000|100%| O|  |TAMS 0x0000000083500000, 0x0000000083500000| Untracked 
|  53|0x0000000083500000, 0x0000000083600000, 0x0000000083600000|100%| O|  |TAMS 0x0000000083600000, 0x0000000083600000| Untracked 
|  54|0x0000000083600000, 0x0000000083700000, 0x0000000083700000|100%| O|  |TAMS 0x0000000083700000, 0x0000000083700000| Untracked 
|  55|0x0000000083700000, 0x0000000083800000, 0x0000000083800000|100%| O|  |TAMS 0x0000000083800000, 0x0000000083800000| Untracked 
|  56|0x0000000083800000, 0x0000000083900000, 0x0000000083900000|100%| O|  |TAMS 0x0000000083900000, 0x0000000083900000| Untracked 
|  57|0x0000000083900000, 0x0000000083a00000, 0x0000000083a00000|100%| O|  |TAMS 0x0000000083a00000, 0x0000000083a00000| Untracked 
|  58|0x0000000083a00000, 0x0000000083b00000, 0x0000000083b00000|100%| O|  |TAMS 0x0000000083b00000, 0x0000000083b00000| Untracked 
|  59|0x0000000083b00000, 0x0000000083c00000, 0x0000000083c00000|100%| O|  |TAMS 0x0000000083c00000, 0x0000000083c00000| Untracked 
|  60|0x0000000083c00000, 0x0000000083d00000, 0x0000000083d00000|100%| O|  |TAMS 0x0000000083d00000, 0x0000000083d00000| Untracked 
|  61|0x0000000083d00000, 0x0000000083e00000, 0x0000000083e00000|100%| O|  |TAMS 0x0000000083e00000, 0x0000000083e00000| Untracked 
|  62|0x0000000083e00000, 0x0000000083f00000, 0x0000000083f00000|100%| O|  |TAMS 0x0000000083f00000, 0x0000000083f00000| Untracked 
|  63|0x0000000083f00000, 0x0000000084000000, 0x0000000084000000|100%| O|  |TAMS 0x0000000084000000, 0x0000000084000000| Untracked 
|  64|0x0000000084000000, 0x0000000084100000, 0x0000000084100000|100%| O|  |TAMS 0x0000000084100000, 0x0000000084100000| Untracked 
|  65|0x0000000084100000, 0x0000000084200000, 0x0000000084200000|100%| O|  |TAMS 0x00000000841b5600, 0x0000000084200000| Untracked 
|  66|0x0000000084200000, 0x0000000084300000, 0x0000000084300000|100%| O|  |TAMS 0x0000000084200000, 0x0000000084300000| Untracked 
|  67|0x0000000084300000, 0x0000000084400000, 0x0000000084400000|100%| O|  |TAMS 0x0000000084300000, 0x0000000084400000| Untracked 
|  68|0x0000000084400000, 0x0000000084500000, 0x0000000084500000|100%| O|  |TAMS 0x0000000084400000, 0x0000000084500000| Untracked 
|  69|0x0000000084500000, 0x0000000084600000, 0x0000000084600000|100%| O|  |TAMS 0x0000000084500000, 0x0000000084600000| Untracked 
|  70|0x0000000084600000, 0x0000000084700000, 0x0000000084700000|100%| O|  |TAMS 0x0000000084600000, 0x0000000084633800| Untracked 
|  71|0x0000000084700000, 0x0000000084800000, 0x0000000084800000|100%| O|  |TAMS 0x0000000084700000, 0x0000000084700000| Untracked 
|  72|0x0000000084800000, 0x0000000084900000, 0x0000000084900000|100%| O|  |TAMS 0x0000000084800000, 0x0000000084800000| Untracked 
|  73|0x0000000084900000, 0x0000000084a00000, 0x0000000084a00000|100%| O|  |TAMS 0x0000000084900000, 0x0000000084900000| Untracked 
|  74|0x0000000084a00000, 0x0000000084a48e00, 0x0000000084b00000| 28%| O|  |TAMS 0x0000000084a00000, 0x0000000084a00000| Untracked 
|  75|0x0000000084b00000, 0x0000000084b00000, 0x0000000084c00000|  0%| F|  |TAMS 0x0000000084b00000, 0x0000000084b00000| Untracked 
|  76|0x0000000084c00000, 0x0000000084c00000, 0x0000000084d00000|  0%| F|  |TAMS 0x0000000084c00000, 0x0000000084c00000| Untracked 
|  77|0x0000000084d00000, 0x0000000084d00000, 0x0000000084e00000|  0%| F|  |TAMS 0x0000000084d00000, 0x0000000084d00000| Untracked 
|  78|0x0000000084e00000, 0x0000000084e00000, 0x0000000084f00000|  0%| F|  |TAMS 0x0000000084e00000, 0x0000000084e00000| Untracked 
|  79|0x0000000084f00000, 0x0000000084f00000, 0x0000000085000000|  0%| F|  |TAMS 0x0000000084f00000, 0x0000000084f00000| Untracked 
|  80|0x0000000085000000, 0x0000000085000000, 0x0000000085100000|  0%| F|  |TAMS 0x0000000085000000, 0x0000000085000000| Untracked 
|  81|0x0000000085100000, 0x0000000085100000, 0x0000000085200000|  0%| F|  |TAMS 0x0000000085100000, 0x0000000085100000| Untracked 
|  82|0x0000000085200000, 0x0000000085200000, 0x0000000085300000|  0%| F|  |TAMS 0x0000000085200000, 0x0000000085200000| Untracked 
|  83|0x0000000085300000, 0x0000000085300000, 0x0000000085400000|  0%| F|  |TAMS 0x0000000085300000, 0x0000000085300000| Untracked 
|  84|0x0000000085400000, 0x0000000085400000, 0x0000000085500000|  0%| F|  |TAMS 0x0000000085400000, 0x0000000085400000| Untracked 
|  85|0x0000000085500000, 0x0000000085500000, 0x0000000085600000|  0%| F|  |TAMS 0x0000000085500000, 0x0000000085500000| Untracked 
|  86|0x0000000085600000, 0x0000000085600000, 0x0000000085700000|  0%| F|  |TAMS 0x0000000085600000, 0x0000000085600000| Untracked 
|  87|0x0000000085700000, 0x0000000085700000, 0x0000000085800000|  0%| F|  |TAMS 0x0000000085700000, 0x0000000085700000| Untracked 
|  88|0x0000000085800000, 0x0000000085800000, 0x0000000085900000|  0%| F|  |TAMS 0x0000000085800000, 0x0000000085800000| Untracked 
|  89|0x0000000085900000, 0x0000000085900000, 0x0000000085a00000|  0%| F|  |TAMS 0x0000000085900000, 0x0000000085900000| Untracked 
|  90|0x0000000085a00000, 0x0000000085a00000, 0x0000000085b00000|  0%| F|  |TAMS 0x0000000085a00000, 0x0000000085a00000| Untracked 
|  91|0x0000000085b00000, 0x0000000085b00000, 0x0000000085c00000|  0%| F|  |TAMS 0x0000000085b00000, 0x0000000085b00000| Untracked 
|  92|0x0000000085c00000, 0x0000000085c00000, 0x0000000085d00000|  0%| F|  |TAMS 0x0000000085c00000, 0x0000000085c00000| Untracked 
|  93|0x0000000085d00000, 0x0000000085d00000, 0x0000000085e00000|  0%| F|  |TAMS 0x0000000085d00000, 0x0000000085d00000| Untracked 
|  94|0x0000000085e00000, 0x0000000085e00000, 0x0000000085f00000|  0%| F|  |TAMS 0x0000000085e00000, 0x0000000085e00000| Untracked 
|  95|0x0000000085f00000, 0x0000000085f00000, 0x0000000086000000|  0%| F|  |TAMS 0x0000000085f00000, 0x0000000085f00000| Untracked 
|  96|0x0000000086000000, 0x0000000086000000, 0x0000000086100000|  0%| F|  |TAMS 0x0000000086000000, 0x0000000086000000| Untracked 
|  97|0x0000000086100000, 0x0000000086100000, 0x0000000086200000|  0%| F|  |TAMS 0x0000000086100000, 0x0000000086100000| Untracked 
|  98|0x0000000086200000, 0x0000000086200000, 0x0000000086300000|  0%| F|  |TAMS 0x0000000086200000, 0x0000000086200000| Untracked 
|  99|0x0000000086300000, 0x0000000086300000, 0x0000000086400000|  0%| F|  |TAMS 0x0000000086300000, 0x0000000086300000| Untracked 
| 100|0x0000000086400000, 0x0000000086400000, 0x0000000086500000|  0%| F|  |TAMS 0x0000000086400000, 0x0000000086400000| Untracked 
| 101|0x0000000086500000, 0x0000000086500000, 0x0000000086600000|  0%| F|  |TAMS 0x0000000086500000, 0x0000000086500000| Untracked 
| 102|0x0000000086600000, 0x0000000086600000, 0x0000000086700000|  0%| F|  |TAMS 0x0000000086600000, 0x0000000086600000| Untracked 
| 103|0x0000000086700000, 0x0000000086700000, 0x0000000086800000|  0%| F|  |TAMS 0x0000000086700000, 0x0000000086700000| Untracked 
| 104|0x0000000086800000, 0x0000000086800000, 0x0000000086900000|  0%| F|  |TAMS 0x0000000086800000, 0x0000000086800000| Untracked 
| 105|0x0000000086900000, 0x0000000086900000, 0x0000000086a00000|  0%| F|  |TAMS 0x0000000086900000, 0x0000000086900000| Untracked 
| 106|0x0000000086a00000, 0x0000000086a00000, 0x0000000086b00000|  0%| F|  |TAMS 0x0000000086a00000, 0x0000000086a00000| Untracked 
| 107|0x0000000086b00000, 0x0000000086b00000, 0x0000000086c00000|  0%| F|  |TAMS 0x0000000086b00000, 0x0000000086b00000| Untracked 
| 108|0x0000000086c00000, 0x0000000086c00000, 0x0000000086d00000|  0%| F|  |TAMS 0x0000000086c00000, 0x0000000086c00000| Untracked 
| 109|0x0000000086d00000, 0x0000000086d00000, 0x0000000086e00000|  0%| F|  |TAMS 0x0000000086d00000, 0x0000000086d00000| Untracked 
| 110|0x0000000086e00000, 0x0000000086e00000, 0x0000000086f00000|  0%| F|  |TAMS 0x0000000086e00000, 0x0000000086e00000| Untracked 
| 111|0x0000000086f00000, 0x0000000086f00000, 0x0000000087000000|  0%| F|  |TAMS 0x0000000086f00000, 0x0000000086f00000| Untracked 
| 112|0x0000000087000000, 0x0000000087000000, 0x0000000087100000|  0%| F|  |TAMS 0x0000000087000000, 0x0000000087000000| Untracked 
| 113|0x0000000087100000, 0x0000000087100000, 0x0000000087200000|  0%| F|  |TAMS 0x0000000087100000, 0x0000000087100000| Untracked 
| 114|0x0000000087200000, 0x0000000087200000, 0x0000000087300000|  0%| F|  |TAMS 0x0000000087200000, 0x0000000087200000| Untracked 
| 115|0x0000000087300000, 0x0000000087300000, 0x0000000087400000|  0%| F|  |TAMS 0x0000000087300000, 0x0000000087300000| Untracked 
| 116|0x0000000087400000, 0x0000000087400000, 0x0000000087500000|  0%| F|  |TAMS 0x0000000087400000, 0x0000000087400000| Untracked 
| 117|0x0000000087500000, 0x0000000087500000, 0x0000000087600000|  0%| F|  |TAMS 0x0000000087500000, 0x0000000087500000| Untracked 
| 118|0x0000000087600000, 0x0000000087600000, 0x0000000087700000|  0%| F|  |TAMS 0x0000000087600000, 0x0000000087600000| Untracked 
| 119|0x0000000087700000, 0x0000000087700000, 0x0000000087800000|  0%| F|  |TAMS 0x0000000087700000, 0x0000000087700000| Untracked 
| 120|0x0000000087800000, 0x0000000087800000, 0x0000000087900000|  0%| F|  |TAMS 0x0000000087800000, 0x0000000087800000| Untracked 
| 121|0x0000000087900000, 0x0000000087900000, 0x0000000087a00000|  0%| F|  |TAMS 0x0000000087900000, 0x0000000087900000| Untracked 
| 122|0x0000000087a00000, 0x0000000087a00000, 0x0000000087b00000|  0%| F|  |TAMS 0x0000000087a00000, 0x0000000087a00000| Untracked 
| 123|0x0000000087b00000, 0x0000000087b00000, 0x0000000087c00000|  0%| F|  |TAMS 0x0000000087b00000, 0x0000000087b00000| Untracked 
| 124|0x0000000087c00000, 0x0000000087c00000, 0x0000000087d00000|  0%| F|  |TAMS 0x0000000087c00000, 0x0000000087c00000| Untracked 
| 125|0x0000000087d00000, 0x0000000087d00000, 0x0000000087e00000|  0%| F|  |TAMS 0x0000000087d00000, 0x0000000087d00000| Untracked 
| 126|0x0000000087e00000, 0x0000000087e00000, 0x0000000087f00000|  0%| F|  |TAMS 0x0000000087e00000, 0x0000000087e00000| Untracked 
| 127|0x0000000087f00000, 0x0000000087f00000, 0x0000000088000000|  0%| F|  |TAMS 0x0000000087f00000, 0x0000000087f00000| Untracked 
| 128|0x0000000088000000, 0x0000000088000000, 0x0000000088100000|  0%| F|  |TAMS 0x0000000088000000, 0x0000000088000000| Untracked 
| 129|0x0000000088100000, 0x0000000088100000, 0x0000000088200000|  0%| F|  |TAMS 0x0000000088100000, 0x0000000088100000| Untracked 
| 130|0x0000000088200000, 0x0000000088200000, 0x0000000088300000|  0%| F|  |TAMS 0x0000000088200000, 0x0000000088200000| Untracked 
| 131|0x0000000088300000, 0x0000000088300000, 0x0000000088400000|  0%| F|  |TAMS 0x0000000088300000, 0x0000000088300000| Untracked 
| 132|0x0000000088400000, 0x0000000088400000, 0x0000000088500000|  0%| F|  |TAMS 0x0000000088400000, 0x0000000088400000| Untracked 
| 133|0x0000000088500000, 0x0000000088500000, 0x0000000088600000|  0%| F|  |TAMS 0x0000000088500000, 0x0000000088500000| Untracked 
| 134|0x0000000088600000, 0x0000000088600000, 0x0000000088700000|  0%| F|  |TAMS 0x0000000088600000, 0x0000000088600000| Untracked 
| 135|0x0000000088700000, 0x0000000088700000, 0x0000000088800000|  0%| F|  |TAMS 0x0000000088700000, 0x0000000088700000| Untracked 
| 136|0x0000000088800000, 0x0000000088800000, 0x0000000088900000|  0%| F|  |TAMS 0x0000000088800000, 0x0000000088800000| Untracked 
| 137|0x0000000088900000, 0x0000000088900000, 0x0000000088a00000|  0%| F|  |TAMS 0x0000000088900000, 0x0000000088900000| Untracked 
| 138|0x0000000088a00000, 0x0000000088a00000, 0x0000000088b00000|  0%| F|  |TAMS 0x0000000088a00000, 0x0000000088a00000| Untracked 
| 139|0x0000000088b00000, 0x0000000088bf0758, 0x0000000088c00000| 93%| E|  |TAMS 0x0000000088b00000, 0x0000000088b00000| Complete 
| 140|0x0000000088c00000, 0x0000000088d00000, 0x0000000088d00000|100%| E|CS|TAMS 0x0000000088c00000, 0x0000000088c00000| Complete 
| 141|0x0000000088d00000, 0x0000000088d9f500, 0x0000000088e00000| 62%| S|CS|TAMS 0x0000000088d00000, 0x0000000088d00000| Complete 
| 142|0x0000000088e00000, 0x0000000088f00000, 0x0000000088f00000|100%| E|CS|TAMS 0x0000000088e00000, 0x0000000088e00000| Complete 
| 143|0x0000000088f00000, 0x0000000089000000, 0x0000000089000000|100%| E|CS|TAMS 0x0000000088f00000, 0x0000000088f00000| Complete 

Card table byte_map: [0x000001dde5900000,0x000001dde5d00000] _byte_map_base: 0x000001dde5500000

Marking Bits (Prev, Next): (CMBitMap*) 0x000001ddccba40f0, (CMBitMap*) 0x000001ddccba4130
 Prev Bits: [0x000001dde6100000, 0x000001dde8100000)
 Next Bits: [0x000001dde8100000, 0x000001ddea100000)

Polling page: 0x000001ddccc00000

Metaspace:

Usage:
  Non-class:     92.42 MB used.
      Class:     13.66 MB used.
       Both:    106.07 MB used.

Virtual space:
  Non-class space:      128.00 MB reserved,      92.69 MB ( 72%) committed,  2 nodes.
      Class space:        1.00 GB reserved,      13.94 MB (  1%) committed,  1 nodes.
             Both:        1.12 GB reserved,     106.62 MB (  9%) committed. 

Chunk freelists:
   Non-Class:  2.58 MB
       Class:  2.02 MB
        Both:  4.59 MB

MaxMetaspaceSize: unlimited
CompressedClassSpaceSize: 1.00 GB
Initial GC threshold: 21.00 MB
Current GC threshold: 167.12 MB
CDS: on
MetaspaceReclaimPolicy: balanced
 - commit_granule_bytes: 65536.
 - commit_granule_words: 8192.
 - virtual_space_node_default_size: 8388608.
 - enlarge_chunks_in_place: 1.
 - new_chunks_are_fully_committed: 0.
 - uncommit_free_chunks: 1.
 - use_allocation_guard: 0.
 - handle_deallocations: 1.


Internal statistics:

num_allocs_failed_limit: 12.
num_arena_births: 686.
num_arena_deaths: 0.
num_vsnodes_births: 3.
num_vsnodes_deaths: 0.
num_space_committed: 1704.
num_space_uncommitted: 0.
num_chunks_returned_to_freelist: 12.
num_chunks_taken_from_freelist: 4429.
num_chunk_merges: 12.
num_chunk_splits: 3516.
num_chunks_enlarged: 2912.
num_inconsistent_stats: 0.

CodeHeap 'non-profiled nmethods': size=120000Kb used=4621Kb max_used=4718Kb free=115378Kb
 bounds [0x000001dddd9b0000, 0x000001dddde50000, 0x000001dde4ee0000]
CodeHeap 'profiled nmethods': size=120000Kb used=16644Kb max_used=17478Kb free=103355Kb
 bounds [0x000001ddd5ee0000, 0x000001ddd7000000, 0x000001dddd410000]
CodeHeap 'non-nmethods': size=5760Kb used=1835Kb max_used=1859Kb free=3924Kb
 bounds [0x000001dddd410000, 0x000001dddd680000, 0x000001dddd9b0000]
 total_blobs=8952 nmethods=8000 adapters=862
 compilation: enabled
              stopped_count=0, restarted_count=0
 full_count=0

Compilation events (20 events):
Event: 429.550 Thread 0x000001ddec722190 9431   !   4       jdk.internal.misc.ScopedMemoryAccess::getIntUnaligned (22 bytes)
Event: 429.550 Thread 0x000001ddec733880 9432       3       java.nio.HeapByteBuffer::getInt (29 bytes)
Event: 429.550 Thread 0x000001ddec733880 nmethod 9432 0x000001ddd6710190 code [0x000001ddd67103e0, 0x000001ddd6710da8]
Event: 429.551 Thread 0x000001ddec722190 nmethod 9431 0x000001ddddd76410 code [0x000001ddddd765a0, 0x000001ddddd76658]
Event: 429.551 Thread 0x000001ddec722190 9433       4       java.nio.HeapByteBuffer::getInt (29 bytes)
Event: 429.553 Thread 0x000001ddec722190 nmethod 9433 0x000001ddddd75d90 code [0x000001ddddd75f20, 0x000001ddddd76038]
Event: 429.553 Thread 0x000001ddec722190 9434       4       java.util.regex.Pattern$$Lambda$19/0x000001dd810465d8::is (5 bytes)
Event: 429.553 Thread 0x000001ddec722190 nmethod 9434 0x000001ddddd87a90 code [0x000001ddddd87c20, 0x000001ddddd87cf8]
Event: 429.562 Thread 0x000001ddec733880 9435       3       sun.security.ssl.CipherSuite$KeyExchange::isAvailable (46 bytes)
Event: 429.562 Thread 0x000001ddec722190 9436       4       java.util.regex.Pattern$SliceI::match (96 bytes)
Event: 429.562 Thread 0x000001ddec733880 nmethod 9435 0x000001ddd60f8690 code [0x000001ddd60f8860, 0x000001ddd60f8b48]
Event: 429.563 Thread 0x000001ddec733880 9437       3       java.lang.System$2::getEnumConstantsShared (8 bytes)
Event: 429.563 Thread 0x000001ddec733880 nmethod 9437 0x000001ddd6ee1c90 code [0x000001ddd6ee1e40, 0x000001ddd6ee2088]
Event: 429.563 Thread 0x000001ddec733880 9438       3       java.util.RegularEnumSet::add (9 bytes)
Event: 429.563 Thread 0x000001ddec733880 nmethod 9438 0x000001ddd6639390 code [0x000001ddd6639540, 0x000001ddd6639788]
Event: 429.563 Thread 0x000001ddec733880 9439       3       java.util.RegularEnumSet::add (40 bytes)
Event: 429.563 Thread 0x000001ddec733880 nmethod 9439 0x000001ddd67cfb10 code [0x000001ddd67cfcc0, 0x000001ddd67cfea8]
Event: 429.563 Thread 0x000001ddec733880 9440       3       java.util.EnumSet::typeCheck (59 bytes)
Event: 429.564 Thread 0x000001ddec733880 nmethod 9440 0x000001ddd6adff90 code [0x000001ddd6ae0240, 0x000001ddd6ae0cf8]
Event: 429.567 Thread 0x000001ddec722190 nmethod 9436 0x000001ddddd87390 code [0x000001ddddd87540, 0x000001ddddd87868]

GC Heap History (20 events):
Event: 327.287 GC heap before
{Heap before GC invocations=38 (full 0):
 garbage-first heap   total 147456K, used 80658K [0x0000000080000000, 0x0000000100000000)
  region size 1024K, 23 young (23552K), 1 survivors (1024K)
 Metaspace       used 74808K, committed 75392K, reserved 1114112K
  class space    used 10205K, committed 10496K, reserved 1048576K
}
Event: 327.305 GC heap after
{Heap after GC invocations=39 (full 0):
 garbage-first heap   total 147456K, used 59285K [0x0000000080000000, 0x0000000100000000)
  region size 1024K, 2 young (2048K), 2 survivors (2048K)
 Metaspace       used 74808K, committed 75392K, reserved 1114112K
  class space    used 10205K, committed 10496K, reserved 1048576K
}
Event: 334.020 GC heap before
{Heap before GC invocations=39 (full 0):
 garbage-first heap   total 147456K, used 90005K [0x0000000080000000, 0x0000000100000000)
  region size 1024K, 32 young (32768K), 2 survivors (2048K)
 Metaspace       used 78699K, committed 79232K, reserved 1179648K
  class space    used 10704K, committed 10944K, reserved 1048576K
}
Event: 334.031 GC heap after
{Heap after GC invocations=40 (full 0):
 garbage-first heap   total 147456K, used 61062K [0x0000000080000000, 0x0000000100000000)
  region size 1024K, 4 young (4096K), 4 survivors (4096K)
 Metaspace       used 78699K, committed 79232K, reserved 1179648K
  class space    used 10704K, committed 10944K, reserved 1048576K
}
Event: 341.409 GC heap before
{Heap before GC invocations=40 (full 0):
 garbage-first heap   total 147456K, used 97926K [0x0000000080000000, 0x0000000100000000)
  region size 1024K, 39 young (39936K), 4 survivors (4096K)
 Metaspace       used 80136K, committed 80704K, reserved 1179648K
  class space    used 10861K, committed 11136K, reserved 1048576K
}
Event: 341.421 GC heap after
{Heap after GC invocations=41 (full 0):
 garbage-first heap   total 147456K, used 63024K [0x0000000080000000, 0x0000000100000000)
  region size 1024K, 4 young (4096K), 4 survivors (4096K)
 Metaspace       used 80136K, committed 80704K, reserved 1179648K
  class space    used 10861K, committed 11136K, reserved 1048576K
}
Event: 352.063 GC heap before
{Heap before GC invocations=41 (full 0):
 garbage-first heap   total 147456K, used 114224K [0x0000000080000000, 0x0000000100000000)
  region size 1024K, 54 young (55296K), 4 survivors (4096K)
 Metaspace       used 83197K, committed 83776K, reserved 1179648K
  class space    used 11179K, committed 11456K, reserved 1048576K
}
Event: 352.077 GC heap after
{Heap after GC invocations=42 (full 0):
 garbage-first heap   total 147456K, used 67169K [0x0000000080000000, 0x0000000100000000)
  region size 1024K, 7 young (7168K), 7 survivors (7168K)
 Metaspace       used 83197K, committed 83776K, reserved 1179648K
  class space    used 11179K, committed 11456K, reserved 1048576K
}
Event: 372.728 GC heap before
{Heap before GC invocations=42 (full 0):
 garbage-first heap   total 147456K, used 116321K [0x0000000080000000, 0x0000000100000000)
  region size 1024K, 56 young (57344K), 7 survivors (7168K)
 Metaspace       used 88788K, committed 89344K, reserved 1179648K
  class space    used 11719K, committed 11968K, reserved 1048576K
}
Event: 372.855 GC heap after
{Heap after GC invocations=43 (full 0):
 garbage-first heap   total 147456K, used 71271K [0x0000000080000000, 0x0000000100000000)
  region size 1024K, 4 young (4096K), 4 survivors (4096K)
 Metaspace       used 88788K, committed 89344K, reserved 1179648K
  class space    used 11719K, committed 11968K, reserved 1048576K
}
Event: 387.750 GC heap before
{Heap before GC invocations=43 (full 0):
 garbage-first heap   total 147456K, used 120423K [0x0000000080000000, 0x0000000100000000)
  region size 1024K, 52 young (53248K), 4 survivors (4096K)
 Metaspace       used 95476K, committed 96064K, reserved 1179648K
  class space    used 12450K, committed 12736K, reserved 1048576K
}
Event: 387.833 GC heap after
{Heap after GC invocations=44 (full 0):
 garbage-first heap   total 147456K, used 72388K [0x0000000080000000, 0x0000000100000000)
  region size 1024K, 5 young (5120K), 5 survivors (5120K)
 Metaspace       used 95476K, committed 96064K, reserved 1179648K
  class space    used 12450K, committed 12736K, reserved 1048576K
}
Event: 388.787 GC heap before
{Heap before GC invocations=44 (full 0):
 garbage-first heap   total 147456K, used 73412K [0x0000000080000000, 0x0000000100000000)
  region size 1024K, 7 young (7168K), 5 survivors (5120K)
 Metaspace       used 95755K, committed 96320K, reserved 1179648K
  class space    used 12490K, committed 12736K, reserved 1048576K
}
Event: 388.797 GC heap after
{Heap after GC invocations=45 (full 0):
 garbage-first heap   total 147456K, used 72325K [0x0000000080000000, 0x0000000100000000)
  region size 1024K, 1 young (1024K), 1 survivors (1024K)
 Metaspace       used 95755K, committed 96320K, reserved 1179648K
  class space    used 12490K, committed 12736K, reserved 1048576K
}
Event: 395.089 GC heap before
{Heap before GC invocations=45 (full 0):
 garbage-first heap   total 147456K, used 102021K [0x0000000080000000, 0x0000000100000000)
  region size 1024K, 31 young (31744K), 1 survivors (1024K)
 Metaspace       used 100312K, committed 100864K, reserved 1179648K
  class space    used 12949K, committed 13184K, reserved 1048576K
}
Event: 395.109 GC heap after
{Heap after GC invocations=46 (full 0):
 garbage-first heap   total 147456K, used 72876K [0x0000000080000000, 0x0000000100000000)
  region size 1024K, 1 young (1024K), 1 survivors (1024K)
 Metaspace       used 100312K, committed 100864K, reserved 1179648K
  class space    used 12949K, committed 13184K, reserved 1048576K
}
Event: 420.935 GC heap before
{Heap before GC invocations=47 (full 0):
 garbage-first heap   total 147456K, used 122028K [0x0000000080000000, 0x0000000100000000)
  region size 1024K, 49 young (50176K), 1 survivors (1024K)
 Metaspace       used 107570K, committed 108160K, reserved 1179648K
  class space    used 13834K, committed 14080K, reserved 1048576K
}
Event: 421.839 GC heap after
{Heap after GC invocations=48 (full 0):
 garbage-first heap   total 147456K, used 76162K [0x0000000080000000, 0x0000000100000000)
  region size 1024K, 5 young (5120K), 5 survivors (5120K)
 Metaspace       used 107570K, committed 108160K, reserved 1179648K
  class space    used 13834K, committed 14080K, reserved 1048576K
}
Event: 422.110 GC heap before
{Heap before GC invocations=48 (full 0):
 garbage-first heap   total 147456K, used 78210K [0x0000000080000000, 0x0000000100000000)
  region size 1024K, 7 young (7168K), 5 survivors (5120K)
 Metaspace       used 107768K, committed 108352K, reserved 1179648K
  class space    used 13860K, committed 14080K, reserved 1048576K
}
Event: 422.140 GC heap after
{Heap after GC invocations=49 (full 0):
 garbage-first heap   total 147456K, used 76704K [0x0000000080000000, 0x0000000100000000)
  region size 1024K, 1 young (1024K), 1 survivors (1024K)
 Metaspace       used 107768K, committed 108352K, reserved 1179648K
  class space    used 13860K, committed 14080K, reserved 1048576K
}

Dll operation events (15 events):
Event: 0.209 Loaded shared library D:\Program Files\Eclipse Adoptium\temurin-17\bin\java.dll
Event: 0.543 Loaded shared library D:\Program Files\Eclipse Adoptium\temurin-17\bin\jsvml.dll
Event: 0.866 Loaded shared library D:\Program Files\Eclipse Adoptium\temurin-17\bin\zip.dll
Event: 0.869 Loaded shared library D:\Program Files\Eclipse Adoptium\temurin-17\bin\instrument.dll
Event: 0.890 Loaded shared library D:\Program Files\Eclipse Adoptium\temurin-17\bin\net.dll
Event: 0.913 Loaded shared library D:\Program Files\Eclipse Adoptium\temurin-17\bin\nio.dll
Event: 0.917 Loaded shared library D:\Program Files\Eclipse Adoptium\temurin-17\bin\zip.dll
Event: 2.806 Loaded shared library D:\Program Files\Eclipse Adoptium\temurin-17\bin\jimage.dll
Event: 3.038 Loaded shared library D:\Program Files\Eclipse Adoptium\temurin-17\bin\verify.dll
Event: 8.060 Loaded shared library C:\Users\user\.gradle\native\c067742578af261105cb4f569cf0c3c89f3d7b1fecec35dd04571415982c5e48\windows-amd64\native-platform.dll
Event: 8.117 Loaded shared library C:\Users\user\.gradle\native\38dada09dfb8b06ba9b0570ebf7e218e3eb74d4ef43ca46872605cf95ebc2f47\windows-amd64\native-platform-file-events.dll
Event: 25.268 Loaded shared library D:\Program Files\Eclipse Adoptium\temurin-17\bin\management.dll
Event: 25.366 Loaded shared library D:\Program Files\Eclipse Adoptium\temurin-17\bin\management_ext.dll
Event: 29.727 Loaded shared library D:\Program Files\Eclipse Adoptium\temurin-17\bin\extnet.dll
Event: 30.996 Loaded shared library D:\Program Files\Eclipse Adoptium\temurin-17\bin\sunmscapi.dll

Deoptimization events (20 events):
Event: 420.060 Thread 0x000001ddec95e250 Uncommon trap: trap_request=0xffffff45 fr.pc=0x000001dddda900f4 relative=0x0000000000001294
Event: 420.060 Thread 0x000001ddec95e250 Uncommon trap: reason=unstable_if action=reinterpret pc=0x000001dddda900f4 method=java.util.concurrent.ConcurrentHashMap.transfer([Ljava/util/concurrent/ConcurrentHashMap$Node;[Ljava/util/concurrent/ConcurrentHashMap$Node;)V @ 352 c2
Event: 420.060 Thread 0x000001ddec95e250 DEOPT PACKING pc=0x000001dddda900f4 sp=0x000000764b7f5aa0
Event: 420.060 Thread 0x000001ddec95e250 DEOPT UNPACKING pc=0x000001dddd4669a3 sp=0x000000764b7f5a28 mode 2
Event: 429.562 Thread 0x000001ddec95e250 Uncommon trap: trap_request=0xffffff45 fr.pc=0x000001ddddc01b78 relative=0x0000000000003b78
Event: 429.562 Thread 0x000001ddec95e250 Uncommon trap: reason=unstable_if action=reinterpret pc=0x000001ddddc01b78 method=java.util.regex.Pattern$SliceI.match(Ljava/util/regex/Matcher;ILjava/lang/CharSequence;)Z @ 29 c2
Event: 429.562 Thread 0x000001ddec95e250 DEOPT PACKING pc=0x000001ddddc01b78 sp=0x000000764b7f4e80
Event: 429.562 Thread 0x000001ddec95e250 DEOPT UNPACKING pc=0x000001dddd4669a3 sp=0x000000764b7f4c78 mode 2
Event: 429.562 Thread 0x000001ddec95e250 Uncommon trap: trap_request=0xffffff45 fr.pc=0x000001ddddcbbf68 relative=0x0000000000000a28
Event: 429.562 Thread 0x000001ddec95e250 Uncommon trap: reason=unstable_if action=reinterpret pc=0x000001ddddcbbf68 method=java.util.regex.Pattern$SliceI.match(Ljava/util/regex/Matcher;ILjava/lang/CharSequence;)Z @ 29 c2
Event: 429.562 Thread 0x000001ddec95e250 DEOPT PACKING pc=0x000001ddddcbbf68 sp=0x000000764b7f4e40
Event: 429.563 Thread 0x000001ddec95e250 DEOPT UNPACKING pc=0x000001dddd4669a3 sp=0x000000764b7f4c70 mode 2
Event: 429.563 Thread 0x000001ddec95e250 Uncommon trap: trap_request=0xffffffc6 fr.pc=0x000001ddddb13ba4 relative=0x0000000000000524
Event: 429.563 Thread 0x000001ddec95e250 Uncommon trap: reason=bimorphic_or_optimized_type_check action=maybe_recompile pc=0x000001ddddb13ba4 method=java.util.Collections$UnmodifiableCollection.contains(Ljava/lang/Object;)Z @ 5 c2
Event: 429.564 Thread 0x000001ddec95e250 DEOPT PACKING pc=0x000001ddddb13ba4 sp=0x000000764b7f55d0
Event: 429.564 Thread 0x000001ddec95e250 DEOPT UNPACKING pc=0x000001dddd4669a3 sp=0x000000764b7f5578 mode 2
Event: 429.565 Thread 0x000001ddec95e250 Uncommon trap: trap_request=0xffffffc6 fr.pc=0x000001ddddb13ba4 relative=0x0000000000000524
Event: 429.565 Thread 0x000001ddec95e250 Uncommon trap: reason=bimorphic_or_optimized_type_check action=maybe_recompile pc=0x000001ddddb13ba4 method=java.util.Collections$UnmodifiableCollection.contains(Ljava/lang/Object;)Z @ 5 c2
Event: 429.565 Thread 0x000001ddec95e250 DEOPT PACKING pc=0x000001ddddb13ba4 sp=0x000000764b7f54e0
Event: 429.565 Thread 0x000001ddec95e250 DEOPT UNPACKING pc=0x000001dddd4669a3 sp=0x000000764b7f5488 mode 2

Classes loaded (20 events):
Event: 429.590 Loading class sun/security/ssl/SignatureAlgorithmsExtension$CRSignatureSchemesProducer
Event: 429.590 Loading class sun/security/ssl/SignatureAlgorithmsExtension$CRSignatureSchemesProducer done
Event: 429.590 Loading class sun/security/ssl/SignatureAlgorithmsExtension$CRSignatureSchemesConsumer
Event: 429.590 Loading class sun/security/ssl/SignatureAlgorithmsExtension$CRSignatureSchemesConsumer done
Event: 429.590 Loading class sun/security/ssl/SignatureAlgorithmsExtension$CRSignatureSchemesAbsence
Event: 429.590 Loading class sun/security/ssl/SignatureAlgorithmsExtension$CRSignatureSchemesAbsence done
Event: 429.590 Loading class sun/security/ssl/SignatureAlgorithmsExtension$CRSignatureSchemesUpdate
Event: 429.590 Loading class sun/security/ssl/SignatureAlgorithmsExtension$CRSignatureSchemesUpdate done
Event: 429.590 Loading class sun/security/ssl/SignatureAlgorithmsExtension$SignatureSchemesStringizer
Event: 429.590 Loading class sun/security/ssl/SignatureAlgorithmsExtension$SignatureSchemesStringizer done
Event: 429.590 Loading class sun/security/ssl/SupportedVersionsExtension
Event: 429.590 Loading class sun/security/ssl/SupportedVersionsExtension done
Event: 429.590 Loading class sun/security/ssl/SupportedVersionsExtension$CHSupportedVersionsProducer
Event: 429.590 Loading class sun/security/ssl/SupportedVersionsExtension$CHSupportedVersionsProducer done
Event: 429.590 Loading class sun/security/ssl/SupportedVersionsExtension$CHSupportedVersionsConsumer
Event: 429.590 Loading class sun/security/ssl/SupportedVersionsExtension$CHSupportedVersionsConsumer done
Event: 429.590 Loading class sun/security/ssl/SupportedVersionsExtension$CHSupportedVersionsStringizer
Event: 429.590 Loading class sun/security/ssl/SupportedVersionsExtension$CHSupportedVersionsStringizer done
Event: 429.590 Loading class sun/security/ssl/SupportedVersionsExtension$SHSupportedVersionsProducer
Event: 429.591 Loading class sun/security/ssl/SupportedVersionsExtension$SHSupportedVersionsProducer done

Classes unloaded (0 events):
No events

Classes redefined (0 events):
No events

Internal exceptions (20 events):
Event: 254.130 Thread 0x000001ddec95e250 Exception <a 'java/lang/NoSuchMethodError'{0x0000000083f6cb60}: 'int java.lang.invoke.DelegatingMethodHandle$Holder.reinvoke_L(java.lang.Object, java.lang.Object, java.lang.Object, long, int, int)'> (0x0000000083f6cb60) 
thrown [s\src\hotspot\share\interpreter\linkResolver.cpp, line 759]
Event: 254.135 Thread 0x000001ddec95e250 Exception <a 'java/lang/NoSuchMethodError'{0x0000000083f7c9d8}: 'int java.lang.invoke.DelegatingMethodHandle$Holder.reinvoke_L(java.lang.Object, java.lang.Object, java.lang.Object, long, long, long)'> (0x0000000083f7c9d8) 
thrown [s\src\hotspot\share\interpreter\linkResolver.cpp, line 759]
Event: 254.141 Thread 0x000001ddec95e250 Exception <a 'java/lang/NoSuchMethodError'{0x0000000083f8d1d8}: 'int java.lang.invoke.DelegatingMethodHandle$Holder.reinvoke_L(java.lang.Object, java.lang.Object, java.lang.Object, long, int)'> (0x0000000083f8d1d8) 
thrown [s\src\hotspot\share\interpreter\linkResolver.cpp, line 759]
Event: 264.263 Thread 0x000001ddec95e250 Exception <a 'java/lang/NoSuchMethodError'{0x00000000845a1480}: 'int java.lang.invoke.DirectMethodHandle$Holder.invokeSpecial(java.lang.Object, java.lang.Object, int, int)'> (0x00000000845a1480) 
thrown [s\src\hotspot\share\interpreter\linkResolver.cpp, line 759]
Event: 264.328 Thread 0x000001ddec95e250 Exception <a 'java/lang/NoSuchMethodError'{0x0000000084435e08}: 'java.lang.Object java.lang.invoke.Invokers$Holder.invokeExact_MT(java.lang.Object, java.lang.Object, long, java.lang.Object)'> (0x0000000084435e08) 
thrown [s\src\hotspot\share\interpreter\linkResolver.cpp, line 759]
Event: 265.041 Thread 0x000001ddec95e250 Exception <a 'java/lang/NoSuchMethodError'{0x0000000083f9f370}: 'java.lang.Object java.lang.invoke.Invokers$Holder.invoke_MT(java.lang.Object, java.lang.Object, java.lang.Object)'> (0x0000000083f9f370) 
thrown [s\src\hotspot\share\interpreter\linkResolver.cpp, line 759]
Event: 277.394 Thread 0x000001ddec95e250 Implicit null exception at 0x000001ddddbce3f4 to 0x000001ddddbd02d0
Event: 277.394 Thread 0x000001ddec95e250 Implicit null exception at 0x000001ddddb7157b to 0x000001ddddb724bc
Event: 332.728 Thread 0x000001ddec95e250 Exception <a 'java/lang/NoSuchMethodError'{0x0000000087610450}: 'java.lang.Object java.lang.invoke.DirectMethodHandle$Holder.invokeStatic(java.lang.Object, java.lang.Object, java.lang.Object, java.lang.Object, int)'> (0x0000000087610450) 
thrown [s\src\hotspot\share\interpreter\linkResolver.cpp, line 759]
Event: 373.133 Thread 0x000001ddec95e250 Exception <a 'java/lang/NoSuchMethodError'{0x0000000088ea9050}: 'java.lang.Object java.lang.invoke.DirectMethodHandle$Holder.newInvokeSpecial(java.lang.Object, java.lang.Object, java.lang.Object, int, int, java.lang.Object, java.lang.Object)'> (0x0000000088ea9050) 
thrown [s\src\hotspot\share\interpreter\linkResolver.cpp, line 759]
Event: 398.202 Thread 0x000001ddec95e250 Exception <a 'sun/nio/fs/WindowsException'{0x00000000885e5448}> (0x00000000885e5448) 
thrown [s\src\hotspot\share\prims\jni.cpp, line 516]
Event: 398.276 Thread 0x000001ddec95e250 Exception <a 'sun/nio/fs/WindowsException'{0x00000000885e6d50}> (0x00000000885e6d50) 
thrown [s\src\hotspot\share\prims\jni.cpp, line 516]
Event: 402.214 Thread 0x000001ddec95e250 Exception <a 'sun/nio/fs/WindowsException'{0x0000000088120d60}> (0x0000000088120d60) 
thrown [s\src\hotspot\share\prims\jni.cpp, line 516]
Event: 402.235 Thread 0x000001ddec95e250 Exception <a 'sun/nio/fs/WindowsException'{0x0000000088120f58}> (0x0000000088120f58) 
thrown [s\src\hotspot\share\prims\jni.cpp, line 516]
Event: 404.969 Thread 0x000001ddec95e250 Exception <a 'sun/nio/fs/WindowsException'{0x0000000087c9aaf0}> (0x0000000087c9aaf0) 
thrown [s\src\hotspot\share\prims\jni.cpp, line 516]
Event: 404.985 Thread 0x000001ddec95e250 Exception <a 'sun/nio/fs/WindowsException'{0x0000000087c9c3f8}> (0x0000000087c9c3f8) 
thrown [s\src\hotspot\share\prims\jni.cpp, line 516]
Event: 404.989 Thread 0x000001ddec95e250 Exception <a 'sun/nio/fs/WindowsException'{0x0000000087ccb148}> (0x0000000087ccb148) 
thrown [s\src\hotspot\share\prims\jni.cpp, line 516]
Event: 404.996 Thread 0x000001ddec95e250 Exception <a 'sun/nio/fs/WindowsException'{0x0000000087ccb340}> (0x0000000087ccb340) 
thrown [s\src\hotspot\share\prims\jni.cpp, line 516]
Event: 413.205 Thread 0x000001ddec95e250 Implicit null exception at 0x000001ddddab69ed to 0x000001ddddab6a1c
Event: 416.071 Thread 0x000001ddec95e250 Exception <a 'sun/nio/fs/WindowsException'{0x0000000086db1ce0}> (0x0000000086db1ce0) 
thrown [s\src\hotspot\share\prims\jni.cpp, line 516]

VM Operations (20 events):
Event: 416.410 Executing VM operation: HandshakeAllThreads
Event: 416.410 Executing VM operation: HandshakeAllThreads done
Event: 417.421 Executing VM operation: Cleanup
Event: 417.484 Executing VM operation: Cleanup done
Event: 417.693 Executing VM operation: HandshakeAllThreads
Event: 417.694 Executing VM operation: HandshakeAllThreads done
Event: 418.697 Executing VM operation: Cleanup
Event: 418.726 Executing VM operation: Cleanup done
Event: 419.732 Executing VM operation: Cleanup
Event: 419.764 Executing VM operation: Cleanup done
Event: 420.543 Executing VM operation: HandshakeAllThreads
Event: 420.543 Executing VM operation: HandshakeAllThreads done
Event: 420.935 Executing VM operation: G1CollectForAllocation
Event: 421.839 Executing VM operation: G1CollectForAllocation done
Event: 421.840 Executing VM operation: HandshakeAllThreads
Event: 421.880 Executing VM operation: HandshakeAllThreads done
Event: 422.110 Executing VM operation: G1CollectForAllocation
Event: 422.140 Executing VM operation: G1CollectForAllocation done
Event: 423.144 Executing VM operation: Cleanup
Event: 423.145 Executing VM operation: Cleanup done

Memory protections (0 events):
No events

Nmethod flushes (20 events):
Event: 388.825 Thread 0x000001ddec78e0f0 flushing  nmethod 0x000001ddd6dc4c90
Event: 388.825 Thread 0x000001ddec78e0f0 flushing  nmethod 0x000001ddd6dd8610
Event: 388.825 Thread 0x000001ddec78e0f0 flushing  nmethod 0x000001ddd6e1bc90
Event: 388.825 Thread 0x000001ddec78e0f0 flushing  nmethod 0x000001ddd6e22110
Event: 388.825 Thread 0x000001ddec78e0f0 flushing  nmethod 0x000001ddd6e32d10
Event: 388.825 Thread 0x000001ddec78e0f0 flushing  nmethod 0x000001ddd6e34a90
Event: 388.825 Thread 0x000001ddec78e0f0 flushing  nmethod 0x000001ddd6e41610
Event: 388.826 Thread 0x000001ddec78e0f0 flushing  nmethod 0x000001ddd6e63810
Event: 388.826 Thread 0x000001ddec78e0f0 flushing  nmethod 0x000001ddd6e7fb10
Event: 388.826 Thread 0x000001ddec78e0f0 flushing  nmethod 0x000001ddd6e8a910
Event: 388.826 Thread 0x000001ddec78e0f0 flushing  nmethod 0x000001ddd6ea6a10
Event: 388.826 Thread 0x000001ddec78e0f0 flushing  nmethod 0x000001ddd6edad90
Event: 388.826 Thread 0x000001ddec78e0f0 flushing  nmethod 0x000001ddd6edec10
Event: 388.826 Thread 0x000001ddec78e0f0 flushing  nmethod 0x000001ddd6ee1c90
Event: 388.826 Thread 0x000001ddec78e0f0 flushing  nmethod 0x000001ddd6ee3a10
Event: 388.826 Thread 0x000001ddec78e0f0 flushing  nmethod 0x000001ddd6f40010
Event: 388.826 Thread 0x000001ddec78e0f0 flushing  nmethod 0x000001ddd6f45410
Event: 388.826 Thread 0x000001ddec78e0f0 flushing  nmethod 0x000001ddd6f51290
Event: 388.826 Thread 0x000001ddec78e0f0 flushing  nmethod 0x000001ddd6f52b90
Event: 388.826 Thread 0x000001ddec78e0f0 flushing  nmethod 0x000001ddd6f53f90

Events (20 events):
Event: 31.724 Thread 0x000001ddec95e250 Thread added: 0x000001ddec95c3f0
Event: 31.741 Thread 0x000001ddec95e250 Thread added: 0x000001ddec95b4c0
Event: 34.598 Thread 0x000001ddec95e250 Thread added: 0x000001ddf23d2fb0
Event: 34.623 Thread 0x000001ddec95e250 Thread added: 0x000001ddf23d34c0
Event: 34.781 Thread 0x000001ddec95e250 Thread added: 0x000001ddf23d3ee0
Event: 38.357 Thread 0x000001ddf23d34c0 Thread added: 0x000001ddf23d39d0
Event: 48.913 Thread 0x000001ddec95e250 Thread added: 0x000001ddf23cf800
Event: 50.184 Thread 0x000001ddec95e250 Thread added: 0x000001ddf23ce8d0
Event: 50.190 Thread 0x000001ddec95e250 Thread added: 0x000001ddf23d43f0
Event: 50.811 Thread 0x000001ddec95e250 Thread added: 0x000001ddf23d5830
Event: 50.980 Thread 0x000001ddec95e250 Thread added: 0x000001ddf23cf2f0
Event: 51.019 Thread 0x000001ddec95e250 Thread added: 0x000001ddf23d4900
Event: 52.200 Thread 0x000001ddec95e250 Thread added: 0x000001ddf23d0730
Event: 91.790 Thread 0x000001ddec95c3f0 Thread exited: 0x000001ddec95c3f0
Event: 96.189 Thread 0x000001ddec95e250 Thread added: 0x000001ddf23d1660
Event: 140.337 Thread 0x000001ddec95e250 Thread added: 0x000001ddf23d0220
Event: 196.784 Thread 0x000001ddf23d39d0 Thread exited: 0x000001ddf23d39d0
Event: 221.034 Thread 0x000001ddf23d34c0 Thread added: 0x000001ddf23d2080
Event: 312.291 Thread 0x000001ddf23d2080 Thread exited: 0x000001ddf23d2080
Event: 402.882 Thread 0x000001ddf23d34c0 Thread added: 0x000001ddf26a2c40


Dynamic libraries:
0x00007ff6d0990000 - 0x00007ff6d099e000 	D:\Program Files\Eclipse Adoptium\temurin-17\bin\java.exe
0x00007ffa8e230000 - 0x00007ffa8e428000 	C:\Windows\SYSTEM32\ntdll.dll
0x00007ffa8c850000 - 0x00007ffa8c912000 	C:\Windows\System32\KERNEL32.DLL
0x00007ffa8bcf0000 - 0x00007ffa8bfe6000 	C:\Windows\System32\KERNELBASE.dll
0x00007ffa8c150000 - 0x00007ffa8c250000 	C:\Windows\System32\ucrtbase.dll
0x00007ffa57720000 - 0x00007ffa5773e000 	D:\Program Files\Eclipse Adoptium\temurin-17\bin\VCRUNTIME140.dll
0x00007ffa59190000 - 0x00007ffa591a8000 	D:\Program Files\Eclipse Adoptium\temurin-17\bin\jli.dll
0x00007ffa8d490000 - 0x00007ffa8d631000 	C:\Windows\System32\USER32.dll
0x00007ffa8b9f0000 - 0x00007ffa8ba12000 	C:\Windows\System32\win32u.dll
0x00007ffa8d840000 - 0x00007ffa8d86b000 	C:\Windows\System32\GDI32.dll
0x00007ffa8bb40000 - 0x00007ffa8bc59000 	C:\Windows\System32\gdi32full.dll
0x00007ffa8ba50000 - 0x00007ffa8baed000 	C:\Windows\System32\msvcp_win.dll
0x00007ffa7d0e0000 - 0x00007ffa7d37b000 	C:\Windows\WinSxS\amd64_microsoft.windows.common-controls_6595b64144ccf1df_6.0.19041.6456_none_60b8a6cb71f64256\COMCTL32.dll
0x00007ffa8d650000 - 0x00007ffa8d6ee000 	C:\Windows\System32\msvcrt.dll
0x00007ffa8d1d0000 - 0x00007ffa8d1ff000 	C:\Windows\System32\IMM32.DLL
0x00007ffa59890000 - 0x00007ffa5989c000 	D:\Program Files\Eclipse Adoptium\temurin-17\bin\vcruntime140_1.dll
0x00007ffa347d0000 - 0x00007ffa3485d000 	D:\Program Files\Eclipse Adoptium\temurin-17\bin\msvcp140.dll
0x00007ffa06220000 - 0x00007ffa06e8b000 	D:\Program Files\Eclipse Adoptium\temurin-17\bin\server\jvm.dll
0x00007ffa8cde0000 - 0x00007ffa8ce91000 	C:\Windows\System32\ADVAPI32.dll
0x00007ffa8d330000 - 0x00007ffa8d3cf000 	C:\Windows\System32\sechost.dll
0x00007ffa8d050000 - 0x00007ffa8d170000 	C:\Windows\System32\RPCRT4.dll
0x00007ffa8ba20000 - 0x00007ffa8ba47000 	C:\Windows\System32\bcrypt.dll
0x00007ffa8d6f0000 - 0x00007ffa8d75b000 	C:\Windows\System32\WS2_32.dll
0x00007ffa8b720000 - 0x00007ffa8b76b000 	C:\Windows\SYSTEM32\POWRPROF.dll
0x00007ffa7cd10000 - 0x00007ffa7cd37000 	C:\Windows\SYSTEM32\WINMM.dll
0x00007ffa83310000 - 0x00007ffa8331a000 	C:\Windows\SYSTEM32\VERSION.dll
0x00007ffa8b700000 - 0x00007ffa8b712000 	C:\Windows\SYSTEM32\UMPDC.dll
0x00007ffa89750000 - 0x00007ffa89762000 	C:\Windows\SYSTEM32\kernel.appcore.dll
0x00007ffa575b0000 - 0x00007ffa575ba000 	D:\Program Files\Eclipse Adoptium\temurin-17\bin\jimage.dll
0x00007ffa85b10000 - 0x00007ffa85d11000 	C:\Windows\SYSTEM32\DBGHELP.DLL
0x00007ffa83230000 - 0x00007ffa83264000 	C:\Windows\SYSTEM32\dbgcore.DLL
0x00007ffa8bc60000 - 0x00007ffa8bce2000 	C:\Windows\System32\bcryptPrimitives.dll
0x00007ffa56700000 - 0x00007ffa5670e000 	D:\Program Files\Eclipse Adoptium\temurin-17\bin\instrument.dll
0x00007ffa518b0000 - 0x00007ffa518d5000 	D:\Program Files\Eclipse Adoptium\temurin-17\bin\java.dll
0x00007ffa346f0000 - 0x00007ffa347c7000 	D:\Program Files\Eclipse Adoptium\temurin-17\bin\jsvml.dll
0x00007ffa8da80000 - 0x00007ffa8e1f0000 	C:\Windows\System32\SHELL32.dll
0x00007ffa89950000 - 0x00007ffa8a0f5000 	C:\Windows\SYSTEM32\windows.storage.dll
0x00007ffa8ca80000 - 0x00007ffa8cdd4000 	C:\Windows\System32\combase.dll
0x00007ffa8b210000 - 0x00007ffa8b23b000 	C:\Windows\SYSTEM32\Wldp.dll
0x00007ffa8d900000 - 0x00007ffa8d9cd000 	C:\Windows\System32\OLEAUT32.dll
0x00007ffa8d9d0000 - 0x00007ffa8da7d000 	C:\Windows\System32\SHCORE.dll
0x00007ffa8c380000 - 0x00007ffa8c3db000 	C:\Windows\System32\shlwapi.dll
0x00007ffa8b7f0000 - 0x00007ffa8b814000 	C:\Windows\SYSTEM32\profapi.dll
0x00007ffa4d860000 - 0x00007ffa4d878000 	D:\Program Files\Eclipse Adoptium\temurin-17\bin\zip.dll
0x00007ffa46370000 - 0x00007ffa4638a000 	D:\Program Files\Eclipse Adoptium\temurin-17\bin\net.dll
0x00007ffa84aa0000 - 0x00007ffa84baa000 	C:\Windows\SYSTEM32\WINHTTP.dll
0x00007ffa8af70000 - 0x00007ffa8afda000 	C:\Windows\system32\mswsock.dll
0x00007ffa45950000 - 0x00007ffa45966000 	D:\Program Files\Eclipse Adoptium\temurin-17\bin\nio.dll
0x00007ffa566f0000 - 0x00007ffa56700000 	D:\Program Files\Eclipse Adoptium\temurin-17\bin\verify.dll
0x00007ffa732a0000 - 0x00007ffa732c7000 	C:\Users\user\.gradle\native\c067742578af261105cb4f569cf0c3c89f3d7b1fecec35dd04571415982c5e48\windows-amd64\native-platform.dll
0x00007ffa34860000 - 0x00007ffa349a4000 	C:\Users\user\.gradle\native\38dada09dfb8b06ba9b0570ebf7e218e3eb74d4ef43ca46872605cf95ebc2f47\windows-amd64\native-platform-file-events.dll
0x00007ffa55150000 - 0x00007ffa5515a000 	D:\Program Files\Eclipse Adoptium\temurin-17\bin\management.dll
0x00007ffa54080000 - 0x00007ffa5408c000 	D:\Program Files\Eclipse Adoptium\temurin-17\bin\management_ext.dll
0x00007ffa8d640000 - 0x00007ffa8d648000 	C:\Windows\System32\PSAPI.DLL
0x00007ffa8b170000 - 0x00007ffa8b188000 	C:\Windows\SYSTEM32\CRYPTSP.dll
0x00007ffa8a890000 - 0x00007ffa8a8c8000 	C:\Windows\system32\rsaenh.dll
0x00007ffa8b7b0000 - 0x00007ffa8b7de000 	C:\Windows\SYSTEM32\USERENV.dll
0x00007ffa8b160000 - 0x00007ffa8b16c000 	C:\Windows\SYSTEM32\CRYPTBASE.dll
0x00007ffa8ac50000 - 0x00007ffa8ac8b000 	C:\Windows\SYSTEM32\IPHLPAPI.DLL
0x00007ffa8d8f0000 - 0x00007ffa8d8f8000 	C:\Windows\System32\NSI.dll
0x00007ffa86010000 - 0x00007ffa86027000 	C:\Windows\SYSTEM32\dhcpcsvc6.DLL
0x00007ffa85f20000 - 0x00007ffa85f3d000 	C:\Windows\SYSTEM32\dhcpcsvc.DLL
0x00007ffa8ac90000 - 0x00007ffa8ad5a000 	C:\Windows\SYSTEM32\DNSAPI.dll
0x00007ffa4d760000 - 0x00007ffa4d769000 	D:\Program Files\Eclipse Adoptium\temurin-17\bin\extnet.dll
0x00007ffa4d6e0000 - 0x00007ffa4d6ee000 	D:\Program Files\Eclipse Adoptium\temurin-17\bin\sunmscapi.dll
0x00007ffa8bff0000 - 0x00007ffa8c14d000 	C:\Windows\System32\CRYPT32.dll
0x00007ffa8b280000 - 0x00007ffa8b2a7000 	C:\Windows\SYSTEM32\ncrypt.dll
0x00007ffa8b240000 - 0x00007ffa8b27b000 	C:\Windows\SYSTEM32\NTASN1.dll
0x00007ffa57340000 - 0x00007ffa57347000 	C:\Windows\system32\wshunix.dll
0x00007ffa83320000 - 0x00007ffa8332a000 	C:\Windows\System32\rasadhlp.dll
0x00007ffa83380000 - 0x00007ffa83400000 	C:\Windows\System32\fwpuclnt.dll

dbghelp: loaded successfully - version: 4.0.5 - missing functions: none
symbol engine: initialized successfully - sym options: 0x614 - pdb path: .;D:\Program Files\Eclipse Adoptium\temurin-17\bin;C:\Windows\SYSTEM32;C:\Windows\WinSxS\amd64_microsoft.windows.common-controls_6595b64144ccf1df_6.0.19041.6456_none_60b8a6cb71f64256;D:\Program Files\Eclipse Adoptium\temurin-17\bin\server;C:\Users\user\.gradle\native\c067742578af261105cb4f569cf0c3c89f3d7b1fecec35dd04571415982c5e48\windows-amd64;C:\Users\user\.gradle\native\38dada09dfb8b06ba9b0570ebf7e218e3eb74d4ef43ca46872605cf95ebc2f47\windows-amd64

VM Arguments:
jvm_args: --add-opens=java.base/java.util=ALL-UNNAMED --add-opens=java.base/java.lang=ALL-UNNAMED --add-opens=java.base/java.lang.invoke=ALL-UNNAMED --add-opens=java.prefs/java.util.prefs=ALL-UNNAMED --add-opens=java.base/java.nio.charset=ALL-UNNAMED --add-opens=java.base/java.net=ALL-UNNAMED --add-opens=java.base/java.util.concurrent.atomic=ALL-UNNAMED -Xmx2048m -Dfile.encoding=UTF-8 -Duser.country=DE -Duser.language=de -Duser.variant -javaagent:C:\Users\user\.gradle\wrapper\dists\gradle-8.7-bin\bhs2wmbdwecv87pi65oeuq5iu\gradle-8.7\lib\agents\gradle-instrumentation-agent-8.7.jar 
java_command: org.gradle.launcher.daemon.bootstrap.GradleDaemon 8.7
java_class_path (initial): C:\Users\user\.gradle\wrapper\dists\gradle-8.7-bin\bhs2wmbdwecv87pi65oeuq5iu\gradle-8.7\lib\gradle-launcher-8.7.jar
Launcher Type: SUN_STANDARD

[Global flags]
     intx CICompilerCount                          = 3                                         {product} {ergonomic}
     uint ConcGCThreads                            = 1                                         {product} {ergonomic}
     uint G1ConcRefinementThreads                  = 4                                         {product} {ergonomic}
   size_t G1HeapRegionSize                         = 1048576                                   {product} {ergonomic}
    uintx GCDrainStackTargetSize                   = 64                                        {product} {ergonomic}
   size_t InitialHeapSize                          = 130023424                                 {product} {ergonomic}
   size_t MarkStackSize                            = 4194304                                   {product} {ergonomic}
   size_t MaxHeapSize                              = 2147483648                                {product} {command line}
   size_t MaxNewSize                               = 1287651328                                {product} {ergonomic}
   size_t MinHeapDeltaBytes                        = 1048576                                   {product} {ergonomic}
   size_t MinHeapSize                              = 8388608                                   {product} {ergonomic}
    uintx NonNMethodCodeHeapSize                   = 5832780                                {pd product} {ergonomic}
    uintx NonProfiledCodeHeapSize                  = 122912730                              {pd product} {ergonomic}
    uintx ProfiledCodeHeapSize                     = 122912730                              {pd product} {ergonomic}
    uintx ReservedCodeCacheSize                    = 251658240                              {pd product} {ergonomic}
     bool SegmentedCodeCache                       = true                                      {product} {ergonomic}
   size_t SoftMaxHeapSize                          = 2147483648                             {manageable} {ergonomic}
     bool UseCompressedClassPointers               = true                           {product lp64_product} {ergonomic}
     bool UseCompressedOops                        = true                           {product lp64_product} {ergonomic}
     bool UseG1GC                                  = true                                      {product} {ergonomic}
     bool UseLargePagesIndividualAllocation        = false                                  {pd product} {ergonomic}

Logging:
Log output configuration:
 #0: stdout all=warning uptime,level,tags
 #1: stderr all=off uptime,level,tags

Environment Variables:
JAVA_HOME=D:\Program Files\Eclipse Adoptium\temurin-21
CLASSPATH=.;
PATH=C:\Program Files\Google\Chrome\Application;C:\Program Files\nvm;D:\Program Files\Eclipse Adoptium\temurin-21\bin;C:\Program Files\Python311\Scripts\;C:\Program Files\Python311\;C:\Python314\Scripts\;C:\Python314\;C:\Windows\system32;C:\Windows;C:\Windows\System32\Wbem;C:\Windows\System32\WindowsPowerShell\v1.0\;C:\Windows\System32\OpenSSH\;C:\ProgramData\chocolatey\bin;C:\Program Files\PuTTY\;C:\Program Files\Java\jdk1.8.0_211\bin;C:\Android\android-sdk\tools;C:\Android\android-sdk\platform-tools;C:\Android\android-sdk\tools\bin;C:\Program Files\dotnet\;C:\Program Files (x86)\Windows Kits\10\Windows Performance Toolkit\;C:\Program Files\Microsoft SQL Server\170\Tools\Binn\;C:\Program Files\nodejs\;C:\ProgramData\mingw64\mingw64\bin;C:\Program Files\Tailscale\;C:\Program Files\CMake\bin;C:\Program Files\Git\cmd;C:\Users\user\AppData\Local\Programs\Python\Python313\Scripts\;C:\Users\user\AppData\Local\Programs\Python\Python313\;D:\Ollama;D:\Program Files\Eclipse Adoptium\temurin-21\bin;c:\Users\user\AppData\Roaming\Code\User\globalStorage\github.copilot-chat\debugCommand c:\Users\user\AppData\Roaming\Code\User\globalStorage\github.copilot-chat\copilotCli C:\Users\user\AppData\Roaming\Code\User\globalStorage\pleiades.java-extension-pack-jdk\gradle\latest\bin C:\Users\user\AppData\Roaming\Code\User\globalStorage\pleiades.java-extension-pack-jdk\maven\latest\bin C:\Windows\system32 C:\Windows C:\Windows\System32\Wbem C:\Windows\System32\WindowsPowerShell\v1.0\ C:\Windows\System32\OpenSSH\ C:\ProgramData\chocolatey\bin C:\Program Files\Git\cmd C:\Program Files\PuTTY\ C:\Program Files\Java\jdk1.8.0_211\bin C:\Android\android-sdk\tools C:\Android\android-sdk\platform-tools C:\Android\android-sdk\tools\bin C:\Program Files\dotnet\ C:\Program Files\Microsoft SQL Server\Client SDK\ODBC\170\Tools\Binn\ C:\Program Files (x86)\Windows Kits\10\Windows Performance Toolkit\ C:\Program Files\Microsoft SQL Server\170\Tools\Binn\ C:\User C:\Users\user\AppData\Local\Programs\Microsoft VS Code\bin C:\Users\user\.dotnet\tools;C:\Users\user\.dotnet\tools;C:\Users\user\AppData\Local\Programs\Microsoft VS Code\bin;C:\Users\user\AppData\Local\Programs\Ollama;C:\Users\user\.lmstudio\bin;C:\Users\user\AppData\Roaming\npm;C:\Program Files\Tesseract-OCR
USERNAME=user
OS=Windows_NT
PROCESSOR_IDENTIFIER=Intel64 Family 6 Model 60 Stepping 3, GenuineIntel
TMP=C:\Users\user\AppData\Local\Temp
TEMP=C:\Users\user\AppData\Local\Temp



Periodic native trim disabled


---------------  S Y S T E M  ---------------

OS:
 Windows 10 , 64 bit Build 19041 (10.0.19041.5915)
OS uptime: 3 days 19:44 hours

CPU: total 4 (initial active 4) (4 cores per cpu, 1 threads per core) family 6 model 60 stepping 3 microcode 0x27, cx8, cmov, fxsr, mmx, sse, sse2, sse3, ssse3, sse4.1, sse4.2, popcnt, lzcnt, tsc, tscinvbit, avx, avx2, aes, erms, clmul, bmi1, bmi2, fma, vzeroupper, clflush
Processor Information for all 4 processors :
  Max Mhz: 2001, Current Mhz: 2001, Mhz Limit: 2001

Memory: 4k page, system-wide physical 7851M (65M free)
TotalPageFile size 32427M (AvailPageFile size 0M)
current process WorkingSet (physical memory assigned to process): 160M, peak: 220M
current process commit charge ("private bytes"): 421M, peak: 422M

vm_info: OpenJDK 64-Bit Server VM (17.0.17+10) for windows-amd64 JRE (17.0.17+10), built on Oct 21 2025 23:25:32 by "admin" with unknown MS VC++:1942

END.
