#
# There is insufficient memory for the Java Runtime Environment to continue.
# Native memory allocation (mmap) failed to map 65536 bytes. Error detail: Failed to commit metaspace.
# Possible reasons:
#   The system is out of physical RAM or swap space
#   This process is running with CompressedOops enabled, and the Java Heap may be blocking the growth of the native heap
# Possible solutions:
#   Reduce memory load on the system
#   Increase physical memory or swap space
#   Check if swap backing store is full
#   Decrease Java heap size (-Xmx/-Xms)
#   Decrease number of Java threads
#   Decrease Java thread stack sizes (-Xss)
#   Set larger code cache with -XX:ReservedCodeCacheSize=
#   JVM is running with Unscaled Compressed Oops mode in which the Java heap is
#     placed in the first 4GB address space. The Java Heap base address is the
#     maximum limit for the native heap growth. Please use -XX:HeapBaseMinAddress
#     to set the Java Heap base and to place the Java Heap above 4GB virtual address.
# This output file may be truncated or incomplete.
#
#  Out of Memory Error (virtualSpaceNode.cpp:110), pid=13748, tid=7836
#
# JRE version: OpenJDK Runtime Environment Temurin-17.0.17+10 (17.0.17+10) (build 17.0.17+10)
# Java VM: OpenJDK 64-Bit Server VM Temurin-17.0.17+10 (17.0.17+10, mixed mode, sharing, tiered, compressed oops, compressed class ptrs, g1 gc, windows-amd64)
# No core dump will be written. Minidumps are not enabled by default on client versions of Windows
#

---------------  S U M M A R Y ------------

Command Line: --add-opens=java.base/java.util=ALL-UNNAMED --add-opens=java.base/java.lang=ALL-UNNAMED --add-opens=java.base/java.lang.invoke=ALL-UNNAMED --add-opens=java.prefs/java.util.prefs=ALL-UNNAMED --add-opens=java.base/java.nio.charset=ALL-UNNAMED --add-opens=java.base/java.net=ALL-UNNAMED --add-opens=java.base/java.util.concurrent.atomic=ALL-UNNAMED -Xmx2048m -Dfile.encoding=UTF-8 -Duser.country=DE -Duser.language=de -Duser.variant -javaagent:C:\Users\user\.gradle\wrapper\dists\gradle-8.7-bin\bhs2wmbdwecv87pi65oeuq5iu\gradle-8.7\lib\agents\gradle-instrumentation-agent-8.7.jar org.gradle.launcher.daemon.bootstrap.GradleDaemon 8.7

Host: Intel(R) Core(TM) i5-4590T CPU @ 2.00GHz, 4 cores, 7G,  Windows 10 , 64 bit Build 19041 (10.0.19041.5915)
Time: Sun Sep 13 04:41:21 2026 Mitteleuropäische Sommerzeit elapsed time: 154.428769 seconds (0d 0h 2m 34s)

---------------  T H R E A D  ---------------

Current thread (0x0000021cff6029b0):  JavaThread "Daemon worker" [_thread_in_vm, id=7836, stack(0x0000002006b00000,0x0000002006c00000)]

Stack: [0x0000002006b00000,0x0000002006c00000]
Native frames: (J=compiled Java code, j=interpreted, Vv=VM code, C=native code)
V  [jvm.dll+0x683fb9]
V  [jvm.dll+0x83a1b5]
V  [jvm.dll+0x83bc2e]
V  [jvm.dll+0x83c2b3]
V  [jvm.dll+0x248eff]
V  [jvm.dll+0x835f9d]
V  [jvm.dll+0x628abd]
V  [jvm.dll+0x1c0710]
V  [jvm.dll+0x62b432]
V  [jvm.dll+0x629476]
V  [jvm.dll+0x633348]
V  [jvm.dll+0x1ea5d1]
V  [jvm.dll+0x1eaa55]
V  [jvm.dll+0x1eb407]
V  [jvm.dll+0x1e08d1]
V  [jvm.dll+0x5479d9]
V  [jvm.dll+0x7b4652]
V  [jvm.dll+0x7b45ba]
V  [jvm.dll+0x414b5c]
V  [jvm.dll+0x428d9c]
C  [java.dll+0x1657]

Java frames: (J=compiled Java code, j=interpreted, Vv=VM code)
J 2084  java.lang.ClassLoader.defineClass0(Ljava/lang/ClassLoader;Ljava/lang/Class;Ljava/lang/String;[BIILjava/security/ProtectionDomain;ZILjava/lang/Object;)Ljava/lang/Class; java.base@17.0.17 (0 bytes) @ 0x0000021caf48deb1 [0x0000021caf48ddc0+0x00000000000000f1]
J 2909 c1 java.lang.System$2.defineClass(Ljava/lang/ClassLoader;Ljava/lang/Class;Ljava/lang/String;[BLjava/security/ProtectionDomain;ZILjava/lang/Object;)Ljava/lang/Class; java.base@17.0.17 (21 bytes) @ 0x0000021ca7e92cec [0x0000021ca7e92c40+0x00000000000000ac]
J 2433 c1 java.lang.invoke.MethodHandles$Lookup$ClassDefiner.defineClass(ZLjava/lang/Object;)Ljava/lang/Class; java.base@17.0.17 (97 bytes) @ 0x0000021ca7d78b24 [0x0000021ca7d77fc0+0x0000000000000b64]
J 3232 c1 java.lang.invoke.MethodHandles$Lookup$ClassDefiner.defineClassAsLookup(Z)Ljava/lang/invoke/MethodHandles$Lookup; java.base@17.0.17 (19 bytes) @ 0x0000021ca7f58f4c [0x0000021ca7f58ec0+0x000000000000008c]
J 3238 c1 java.lang.invoke.MethodHandles$Lookup.defineHiddenClass([BZ[Ljava/lang/invoke/MethodHandles$Lookup$ClassOption;)Ljava/lang/invoke/MethodHandles$Lookup; java.base@17.0.17 (69 bytes) @ 0x0000021ca7f5e334 [0x0000021ca7f5da80+0x00000000000008b4]
J 2859 c1 java.lang.invoke.InnerClassLambdaMetafactory.generateInnerClass()Ljava/lang/Class; java.base@17.0.17 (618 bytes) @ 0x0000021ca7e74d54 [0x0000021ca7e72da0+0x0000000000001fb4]
J 3169 c1 java.lang.invoke.InnerClassLambdaMetafactory.spinInnerClass()Ljava/lang/Class; java.base@17.0.17 (118 bytes) @ 0x0000021ca7f1fa14 [0x0000021ca7f1f860+0x00000000000001b4]
J 3172 c1 java.lang.invoke.InnerClassLambdaMetafactory.buildCallSite()Ljava/lang/invoke/CallSite; java.base@17.0.17 (201 bytes) @ 0x0000021ca7f2bf84 [0x0000021ca7f2bf00+0x0000000000000084]
J 2816 c1 java.lang.invoke.LambdaMetafactory.metafactory(Ljava/lang/invoke/MethodHandles$Lookup;Ljava/lang/String;Ljava/lang/invoke/MethodType;Ljava/lang/invoke/MethodType;Ljava/lang/invoke/MethodHandle;Ljava/lang/invoke/MethodType;)Ljava/lang/invoke/CallSite; java.base@17.0.17 (71 bytes) @ 0x0000021ca7e5e534 [0x0000021ca7e5e0a0+0x0000000000000494]
J 3192 c1 java.lang.invoke.LambdaForm$DMH+0x0000021cbf1c1400.invokeStatic(Ljava/lang/Object;Ljava/lang/Object;Ljava/lang/Object;Ljava/lang/Object;Ljava/lang/Object;Ljava/lang/Object;Ljava/lang/Object;)Ljava/lang/Object; java.base@17.0.17 (31 bytes) @ 0x0000021ca7f3d82c [0x0000021ca7f3d4e0+0x000000000000034c]
J 2788 c1 java.lang.invoke.BootstrapMethodInvoker.invoke(Ljava/lang/Class;Ljava/lang/invoke/MethodHandle;Ljava/lang/String;Ljava/lang/Object;Ljava/lang/Object;Ljava/lang/Class;)Ljava/lang/Object; java.base@17.0.17 (974 bytes) @ 0x0000021ca7e43104 [0x0000021ca7e3c8a0+0x0000000000006864]
J 2787 c1 java.lang.invoke.CallSite.makeSite(Ljava/lang/invoke/MethodHandle;Ljava/lang/String;Ljava/lang/invoke/MethodType;Ljava/lang/Object;Ljava/lang/Class;)Ljava/lang/invoke/CallSite; java.base@17.0.17 (91 bytes) @ 0x0000021ca7e3a444 [0x0000021ca7e3a3c0+0x0000000000000084]
J 3142 c1 java.lang.invoke.MethodHandleNatives.linkCallSiteImpl(Ljava/lang/Class;Ljava/lang/invoke/MethodHandle;Ljava/lang/String;Ljava/lang/invoke/MethodType;Ljava/lang/Object;[Ljava/lang/Object;)Ljava/lang/invoke/MemberName; java.base@17.0.17 (44 bytes) @ 0x0000021ca7f102ac [0x0000021ca7f10240+0x000000000000006c]
J 2786 c1 java.lang.invoke.MethodHandleNatives.linkCallSite(Ljava/lang/Object;ILjava/lang/Object;Ljava/lang/Object;Ljava/lang/Object;Ljava/lang/Object;[Ljava/lang/Object;)Ljava/lang/invoke/MemberName; java.base@17.0.17 (66 bytes) @ 0x0000021ca7e39dc4 [0x0000021ca7e39980+0x0000000000000444]
v  ~StubRoutines::call_stub
j  org.gradle.api.internal.artifacts.configurations.DefaultConfiguration$ArtifactViewConfiguration_Decorated.$gradleInit()V+1
j  org.gradle.api.internal.artifacts.configurations.DefaultConfiguration$ArtifactViewConfiguration_Decorated.<init>(Lorg/gradle/api/internal/attributes/ImmutableAttributesFactory;Lorg/gradle/api/internal/attributes/AttributeContainerInternal;)V+7
v  ~StubRoutines::call_stub
J 1531  jdk.internal.reflect.NativeConstructorAccessorImpl.newInstance0(Ljava/lang/reflect/Constructor;[Ljava/lang/Object;)Ljava/lang/Object; java.base@17.0.17 (0 bytes) @ 0x0000021caf451f2e [0x0000021caf451ec0+0x000000000000006e]
J 2312 c1 jdk.internal.reflect.NativeConstructorAccessorImpl.newInstance([Ljava/lang/Object;)Ljava/lang/Object; java.base@17.0.17 (122 bytes) @ 0x0000021ca7d24fbc [0x0000021ca7d24680+0x000000000000093c]
J 2485 c1 jdk.internal.reflect.DelegatingConstructorAccessorImpl.newInstance([Ljava/lang/Object;)Ljava/lang/Object; java.base@17.0.17 (9 bytes) @ 0x0000021ca7d8ffc4 [0x0000021ca7d8fec0+0x0000000000000104]
J 2204 c1 java.lang.reflect.Constructor.newInstanceWithCaller([Ljava/lang/Object;ZLjava/lang/Class;)Ljava/lang/Object; java.base@17.0.17 (75 bytes) @ 0x0000021ca7cedbc4 [0x0000021ca7ced980+0x0000000000000244]
J 2242 c1 java.lang.reflect.Constructor.newInstance([Ljava/lang/Object;)Ljava/lang/Object; java.base@17.0.17 (34 bytes) @ 0x0000021ca7d00c1c [0x0000021ca7d00ac0+0x000000000000015c]
j  org.gradle.internal.instantiation.generator.AsmBackedClassGenerator$InvokeConstructorStrategy.newInstance(Lorg/gradle/internal/service/ServiceLookup;Lorg/gradle/internal/instantiation/InstanceGenerator;Lorg/gradle/api/Describable;[Ljava/lang/Object;)Ljava/lang/Object;+37
j  org.gradle.internal.instantiation.generator.AbstractClassGenerator$GeneratedClassImpl$GeneratedConstructorImpl.newInstance(Lorg/gradle/internal/service/ServiceLookup;Lorg/gradle/internal/instantiation/InstanceGenerator;Lorg/gradle/api/Describable;[Ljava/lang/Object;)Ljava/lang/Object;+9
j  org.gradle.internal.instantiation.generator.DependencyInjectingInstantiator.doCreate(Ljava/lang/Class;Lorg/gradle/api/Describable;[Ljava/lang/Object;)Ljava/lang/Object;+37
j  org.gradle.internal.instantiation.generator.DependencyInjectingInstantiator.newInstance(Ljava/lang/Class;[Ljava/lang/Object;)Ljava/lang/Object;+4
j  org.gradle.api.internal.artifacts.configurations.DefaultConfiguration$ConfigurationResolvableDependencies.createArtifactViewConfiguration()Lorg/gradle/api/internal/artifacts/configurations/DefaultConfiguration$ArtifactViewConfiguration;+33
j  org.gradle.api.internal.artifacts.configurations.DefaultConfiguration$ConfigurationResolvableDependencies.artifactView(Lorg/gradle/api/Action;)Lorg/gradle/api/artifacts/ArtifactView;+1
j  org.gradle.api.internal.initialization.DefaultScriptClassPathResolver.getInstrumentedExternalDependencies(Lorg/gradle/api/artifacts/Configuration;)Lorg/gradle/api/artifacts/ArtifactCollection;+11
j  org.gradle.api.internal.initialization.DefaultScriptClassPathResolver.resolveClassPath(Lorg/gradle/api/artifacts/Configuration;)Lorg/gradle/internal/classpath/ClassPath;+1
j  org.gradle.api.internal.initialization.DefaultBuildLogicBuilder.lambda$resolveClassPath$0(Lorg/gradle/api/artifacts/Configuration;)Lorg/gradle/internal/classpath/ClassPath;+5
j  org.gradle.api.internal.initialization.DefaultBuildLogicBuilder$$Lambda$662+0x0000021cbf527dd8.get()Ljava/lang/Object;+8
j  org.gradle.api.internal.initialization.DefaultBuildLogicBuildQueue.build(Lorg/gradle/internal/build/BuildState;Ljava/util/List;Ljava/util/function/Supplier;)Ljava/lang/Object;+10
j  org.gradle.api.internal.initialization.DefaultBuildLogicBuilder.resolveClassPath(Lorg/gradle/api/artifacts/Configuration;Lorg/gradle/api/artifacts/dsl/DependencyHandler;Lorg/gradle/api/internal/artifacts/configurations/RoleBasedConfigurationContainerInternal;)Lorg/gradle/internal/classpath/ClassPath;+20
j  org.gradle.api.internal.initialization.DefaultScriptHandler.lambda$getInstrumentedScriptClassPath$0()Lorg/gradle/internal/classpath/ClassPath;+16
j  org.gradle.api.internal.initialization.DefaultScriptHandler$$Lambda$644+0x0000021cbf51d2c8.create()Ljava/lang/Object;+4
j  org.gradle.api.internal.artifacts.configurations.DefaultConfiguration.callAndResetResolutionState(Lorg/gradle/internal/Factory;)Ljava/lang/Object;+28
j  org.gradle.api.internal.initialization.DefaultScriptHandler.getInstrumentedScriptClassPath()Lorg/gradle/internal/classpath/ClassPath;+54
j  org.gradle.plugin.use.internal.DefaultPluginRequestApplicator.applyPlugins(Lorg/gradle/plugin/management/internal/PluginRequests;Lorg/gradle/api/internal/initialization/ScriptHandlerInternal;Lorg/gradle/api/internal/plugins/PluginManagerInternal;Lorg/gradle/api/internal/initialization/ClassLoaderScope;)V+16
j  org.gradle.kotlin.dsl.provider.PluginRequestsHandler.handle(Lorg/gradle/plugin/management/internal/PluginRequests;Lorg/gradle/api/internal/initialization/ScriptHandlerInternal;Lorg/gradle/api/internal/plugins/PluginAwareInternal;Lorg/gradle/api/internal/initialization/ClassLoaderScope;)V+66
j  org.gradle.kotlin.dsl.provider.StandardKotlinScriptEvaluator$InterpreterHost.applyPluginsTo(Lorg/gradle/kotlin/dsl/support/KotlinScriptHost;Lorg/gradle/plugin/management/internal/PluginRequests;)V+52
j  org.gradle.kotlin.dsl.execution.Interpreter$ProgramHost.applyPluginsTo(Lorg/gradle/kotlin/dsl/support/KotlinScriptHost;Lorg/gradle/plugin/management/internal/PluginRequests;)V+21
j  Program.execute(Lorg/gradle/kotlin/dsl/execution/ExecutableProgram$Host;Lorg/gradle/kotlin/dsl/support/KotlinScriptHost;)V+45
j  org.gradle.kotlin.dsl.execution.Interpreter$ProgramHost.eval(Lorg/gradle/kotlin/dsl/execution/CompiledScript;Lorg/gradle/kotlin/dsl/support/KotlinScriptHost;)V+88
j  org.gradle.kotlin.dsl.execution.Interpreter.eval(Ljava/lang/Object;Lorg/gradle/groovy/scripts/ScriptSource;Lorg/gradle/internal/hash/HashCode;Lorg/gradle/api/initialization/dsl/ScriptHandler;Lorg/gradle/api/internal/initialization/ClassLoaderScope;Lorg/gradle/api/internal/initialization/ClassLoaderScope;ZLjava/util/EnumSet;)V+213
j  org.gradle.kotlin.dsl.provider.StandardKotlinScriptEvaluator.evaluate(Ljava/lang/Object;Lorg/gradle/groovy/scripts/ScriptSource;Lorg/gradle/api/initialization/dsl/ScriptHandler;Lorg/gradle/api/internal/initialization/ClassLoaderScope;Lorg/gradle/api/internal/initialization/ClassLoaderScope;ZLjava/util/EnumSet;)V+163
j  org.gradle.kotlin.dsl.provider.KotlinScriptPluginFactory$create$1.invoke(Ljava/lang/Object;)V+41
j  org.gradle.kotlin.dsl.provider.KotlinScriptPluginFactory$create$1.invoke(Ljava/lang/Object;)Ljava/lang/Object;+2
j  org.gradle.kotlin.dsl.provider.KotlinScriptPlugin.apply(Ljava/lang/Object;)V+22
j  org.gradle.configuration.BuildOperationScriptPlugin$1.run(Lorg/gradle/internal/operations/BuildOperationContext;)V+11
j  org.gradle.internal.operations.DefaultBuildOperationRunner$1.execute(Lorg/gradle/internal/operations/RunnableBuildOperation;Lorg/gradle/internal/operations/BuildOperationContext;)V+2
j  org.gradle.internal.operations.DefaultBuildOperationRunner$1.execute(Lorg/gradle/internal/operations/BuildOperation;Lorg/gradle/internal/operations/BuildOperationContext;)V+6
j  org.gradle.internal.operations.DefaultBuildOperationRunner$2.execute(Lorg/gradle/internal/operations/BuildOperationDescriptor;Lorg/gradle/internal/operations/BuildOperationState;Lorg/gradle/internal/operations/BuildOperationState;Lorg/gradle/internal/operations/DefaultBuildOperationRunner$ReadableBuildOperationContext;Lorg/gradle/internal/operations/DefaultBuildOperationRunner$BuildOperationExecutionListener;)Lorg/gradle/internal/operations/BuildOperation;+22
j  org.gradle.internal.operations.DefaultBuildOperationRunner$2.execute(Lorg/gradle/internal/operations/BuildOperationDescriptor;Lorg/gradle/internal/operations/BuildOperationState;Lorg/gradle/internal/operations/BuildOperationState;Lorg/gradle/internal/operations/DefaultBuildOperationRunner$ReadableBuildOperationContext;Lorg/gradle/internal/operations/DefaultBuildOperationRunner$BuildOperationExecutionListener;)Ljava/lang/Object;+8
j  org.gradle.internal.operations.DefaultBuildOperationRunner.execute(Lorg/gradle/internal/operations/BuildOperationDescriptor$Builder;Lorg/gradle/internal/operations/BuildOperationState;Lorg/gradle/internal/operations/DefaultBuildOperationRunner$BuildOperationExecution;)Ljava/lang/Object;+141
j  org.gradle.internal.operations.DefaultBuildOperationRunner.execute(Lorg/gradle/internal/operations/BuildOperation;Lorg/gradle/internal/operations/BuildOperationWorker;Lorg/gradle/internal/operations/BuildOperationState;)V+18
j  org.gradle.internal.operations.DefaultBuildOperationRunner.run(Lorg/gradle/internal/operations/RunnableBuildOperation;)V+9
j  org.gradle.internal.operations.DefaultBuildOperationExecutor.run(Lorg/gradle/internal/operations/RunnableBuildOperation;)V+5
j  org.gradle.configuration.BuildOperationScriptPlugin.lambda$apply$0(Ljava/lang/Object;Lorg/gradle/internal/code/UserCodeApplicationId;)V+14
j  org.gradle.configuration.BuildOperationScriptPlugin$$Lambda$509+0x0000021cbf43eea0.execute(Ljava/lang/Object;)V+12
j  org.gradle.internal.code.DefaultUserCodeApplicationContext.apply(Lorg/gradle/internal/code/UserCodeSource;Lorg/gradle/api/Action;)V+37
j  org.gradle.configuration.BuildOperationScriptPlugin.apply(Ljava/lang/Object;)V+71
j  org.gradle.initialization.ScriptEvaluatingSettingsProcessor.applySettingsScript(Lorg/gradle/groovy/scripts/TextResourceScriptSource;Lorg/gradle/api/internal/SettingsInternal;)V+32
j  org.gradle.initialization.ScriptEvaluatingSettingsProcessor.process(Lorg/gradle/api/internal/GradleInternal;Lorg/gradle/initialization/SettingsLocation;Lorg/gradle/api/internal/initialization/ClassLoaderScope;Lorg/gradle/StartParameter;)Lorg/gradle/initialization/SettingsState;+90
j  org.gradle.initialization.SettingsEvaluatedCallbackFiringSettingsProcessor.process(Lorg/gradle/api/internal/GradleInternal;Lorg/gradle/initialization/SettingsLocation;Lorg/gradle/api/internal/initialization/ClassLoaderScope;Lorg/gradle/StartParameter;)Lorg/gradle/initialization/SettingsState;+9
j  org.gradle.initialization.RootBuildCacheControllerSettingsProcessor.process(Lorg/gradle/api/internal/GradleInternal;Lorg/gradle/initialization/SettingsLocation;Lorg/gradle/api/internal/initialization/ClassLoaderScope;Lorg/gradle/StartParameter;)Lorg/gradle/initialization/SettingsState;+9
j  org.gradle.initialization.BuildOperationSettingsProcessor$2.call(Lorg/gradle/internal/operations/BuildOperationContext;)Lorg/gradle/initialization/SettingsState;+23
j  org.gradle.initialization.BuildOperationSettingsProcessor$2.call(Lorg/gradle/internal/operations/BuildOperationContext;)Ljava/lang/Object;+2
j  org.gradle.internal.operations.DefaultBuildOperationRunner$CallableBuildOperationWorker.execute(Lorg/gradle/internal/operations/CallableBuildOperation;Lorg/gradle/internal/operations/BuildOperationContext;)V+3
j  org.gradle.internal.operations.DefaultBuildOperationRunner$CallableBuildOperationWorker.execute(Lorg/gradle/internal/operations/BuildOperation;Lorg/gradle/internal/operations/BuildOperationContext;)V+6
j  org.gradle.internal.operations.DefaultBuildOperationRunner$2.execute(Lorg/gradle/internal/operations/BuildOperationDescriptor;Lorg/gradle/internal/operations/BuildOperationState;Lorg/gradle/internal/operations/BuildOperationState;Lorg/gradle/internal/operations/DefaultBuildOperationRunner$ReadableBuildOperationContext;Lorg/gradle/internal/operations/DefaultBuildOperationRunner$BuildOperationExecutionListener;)Lorg/gradle/internal/operations/BuildOperation;+22
j  org.gradle.internal.operations.DefaultBuildOperationRunner$2.execute(Lorg/gradle/internal/operations/BuildOperationDescriptor;Lorg/gradle/internal/operations/BuildOperationState;Lorg/gradle/internal/operations/BuildOperationState;Lorg/gradle/internal/operations/DefaultBuildOperationRunner$ReadableBuildOperationContext;Lorg/gradle/internal/operations/DefaultBuildOperationRunner$BuildOperationExecutionListener;)Ljava/lang/Object;+8
j  org.gradle.internal.operations.DefaultBuildOperationRunner.execute(Lorg/gradle/internal/operations/BuildOperationDescriptor$Builder;Lorg/gradle/internal/operations/BuildOperationState;Lorg/gradle/internal/operations/DefaultBuildOperationRunner$BuildOperationExecution;)Ljava/lang/Object;+141
j  org.gradle.internal.operations.DefaultBuildOperationRunner.execute(Lorg/gradle/internal/operations/BuildOperation;Lorg/gradle/internal/operations/BuildOperationWorker;Lorg/gradle/internal/operations/BuildOperationState;)V+18
j  org.gradle.internal.operations.DefaultBuildOperationRunner.call(Lorg/gradle/internal/operations/CallableBuildOperation;)Ljava/lang/Object;+16
j  org.gradle.internal.operations.DefaultBuildOperationExecutor.call(Lorg/gradle/internal/operations/CallableBuildOperation;)Ljava/lang/Object;+5
j  org.gradle.initialization.BuildOperationSettingsProcessor.process(Lorg/gradle/api/internal/GradleInternal;Lorg/gradle/initialization/SettingsLocation;Lorg/gradle/api/internal/initialization/ClassLoaderScope;Lorg/gradle/StartParameter;)Lorg/gradle/initialization/SettingsState;+17
j  org.gradle.initialization.DefaultSettingsLoader.findSettingsAndLoadIfAppropriate(Lorg/gradle/api/internal/GradleInternal;Lorg/gradle/StartParameter;Lorg/gradle/initialization/SettingsLocation;Lorg/gradle/api/internal/initialization/ClassLoaderScope;)Lorg/gradle/initialization/SettingsState;+9
j  org.gradle.initialization.DefaultSettingsLoader.findAndLoadSettings(Lorg/gradle/api/internal/GradleInternal;)Lorg/gradle/initialization/SettingsState;+33
j  org.gradle.initialization.SettingsAttachingSettingsLoader.findAndLoadSettings(Lorg/gradle/api/internal/GradleInternal;)Lorg/gradle/initialization/SettingsState;+5
j  org.gradle.internal.composite.CommandLineIncludedBuildSettingsLoader.findAndLoadSettings(Lorg/gradle/api/internal/GradleInternal;)Lorg/gradle/initialization/SettingsState;+5
j  org.gradle.internal.composite.ChildBuildRegisteringSettingsLoader.findAndLoadSettings(Lorg/gradle/api/internal/GradleInternal;)Lorg/gradle/initialization/SettingsState;+5
j  org.gradle.internal.composite.CompositeBuildSettingsLoader.findAndLoadSettings(Lorg/gradle/api/internal/GradleInternal;)Lorg/gradle/initialization/SettingsState;+5
j  org.gradle.initialization.InitScriptHandlingSettingsLoader.findAndLoadSettings(Lorg/gradle/api/internal/GradleInternal;)Lorg/gradle/initialization/SettingsState;+13
j  org.gradle.api.internal.initialization.CacheConfigurationsHandlingSettingsLoader.findAndLoadSettings(Lorg/gradle/api/internal/GradleInternal;)Lorg/gradle/initialization/SettingsState;+15
j  org.gradle.initialization.GradlePropertiesHandlingSettingsLoader.findAndLoadSettings(Lorg/gradle/api/internal/GradleInternal;)Lorg/gradle/initialization/SettingsState;+40
j  org.gradle.initialization.DefaultSettingsPreparer.prepareSettings(Lorg/gradle/api/internal/GradleInternal;)V+33
j  org.gradle.initialization.BuildOperationFiringSettingsPreparer$LoadBuild.doLoadBuild()V+11
j  org.gradle.initialization.BuildOperationFiringSettingsPreparer$LoadBuild.run(Lorg/gradle/internal/operations/BuildOperationContext;)V+1
j  org.gradle.internal.operations.DefaultBuildOperationRunner$1.execute(Lorg/gradle/internal/operations/RunnableBuildOperation;Lorg/gradle/internal/operations/BuildOperationContext;)V+2
j  org.gradle.internal.operations.DefaultBuildOperationRunner$1.execute(Lorg/gradle/internal/operations/BuildOperation;Lorg/gradle/internal/operations/BuildOperationContext;)V+6
j  org.gradle.internal.operations.DefaultBuildOperationRunner$2.execute(Lorg/gradle/internal/operations/BuildOperationDescriptor;Lorg/gradle/internal/operations/BuildOperationState;Lorg/gradle/internal/operations/BuildOperationState;Lorg/gradle/internal/operations/DefaultBuildOperationRunner$ReadableBuildOperationContext;Lorg/gradle/internal/operations/DefaultBuildOperationRunner$BuildOperationExecutionListener;)Lorg/gradle/internal/operations/BuildOperation;+22
j  org.gradle.internal.operations.DefaultBuildOperationRunner$2.execute(Lorg/gradle/internal/operations/BuildOperationDescriptor;Lorg/gradle/internal/operations/BuildOperationState;Lorg/gradle/internal/operations/BuildOperationState;Lorg/gradle/internal/operations/DefaultBuildOperationRunner$ReadableBuildOperationContext;Lorg/gradle/internal/operations/DefaultBuildOperationRunner$BuildOperationExecutionListener;)Ljava/lang/Object;+8
j  org.gradle.internal.operations.DefaultBuildOperationRunner.execute(Lorg/gradle/internal/operations/BuildOperationDescriptor$Builder;Lorg/gradle/internal/operations/BuildOperationState;Lorg/gradle/internal/operations/DefaultBuildOperationRunner$BuildOperationExecution;)Ljava/lang/Object;+141
j  org.gradle.internal.operations.DefaultBuildOperationRunner.execute(Lorg/gradle/internal/operations/BuildOperation;Lorg/gradle/internal/operations/BuildOperationWorker;Lorg/gradle/internal/operations/BuildOperationState;)V+18
j  org.gradle.internal.operations.DefaultBuildOperationRunner.run(Lorg/gradle/internal/operations/RunnableBuildOperation;)V+9
j  org.gradle.internal.operations.DefaultBuildOperationExecutor.run(Lorg/gradle/internal/operations/RunnableBuildOperation;)V+5
j  org.gradle.initialization.BuildOperationFiringSettingsPreparer.prepareSettings(Lorg/gradle/api/internal/GradleInternal;)V+31
j  org.gradle.initialization.VintageBuildModelController.lambda$prepareSettings$1()V+8
j  org.gradle.initialization.VintageBuildModelController$$Lambda$303+0x0000021cbf32da28.run()V+4
j  org.gradle.internal.model.StateTransitionController.lambda$doTransition$14(Ljava/lang/Runnable;)Lorg/gradle/internal/build/ExecutionResult;+1
j  org.gradle.internal.model.StateTransitionController$$Lambda$305+0x0000021cbf32de68.get()Ljava/lang/Object;+4
j  org.gradle.internal.model.StateTransitionController.doTransition(Lorg/gradle/internal/model/StateTransitionController$State;Lorg/gradle/internal/model/StateTransitionController$State;Ljava/util/function/Supplier;)Lorg/gradle/internal/build/ExecutionResult;+24
j  org.gradle.internal.model.StateTransitionController.doTransition(Lorg/gradle/internal/model/StateTransitionController$State;Lorg/gradle/internal/model/StateTransitionController$State;Ljava/lang/Runnable;)V+9
j  org.gradle.internal.model.StateTransitionController.lambda$transitionIfNotPreviously$11(Lorg/gradle/internal/model/StateTransitionController$State;Lorg/gradle/internal/model/StateTransitionController$State;Ljava/lang/Runnable;)V+16
j  org.gradle.internal.model.StateTransitionController$$Lambda$304+0x0000021cbf32dc48.run()V+16
j  org.gradle.internal.work.DefaultSynchronizer.withLock(Ljava/lang/Runnable;)V+6
j  org.gradle.internal.model.StateTransitionController.transitionIfNotPreviously(Lorg/gradle/internal/model/StateTransitionController$State;Lorg/gradle/internal/model/StateTransitionController$State;Ljava/lang/Runnable;)V+13
j  org.gradle.initialization.VintageBuildModelController.prepareSettings()V+16
j  org.gradle.initialization.VintageBuildModelController.getConfiguredModel()Lorg/gradle/api/internal/GradleInternal;+1
j  org.gradle.internal.build.DefaultBuildLifecycleController.lambda$withProjectsConfigured$1(Ljava/util/function/Function;)Ljava/lang/Object;+5
j  org.gradle.internal.build.DefaultBuildLifecycleController$$Lambda$301+0x0000021cbf32d5e8.get()Ljava/lang/Object;+8
j  org.gradle.internal.model.StateTransitionController.lambda$notInState$3(Lorg/gradle/internal/model/StateTransitionController$State;Ljava/util/function/Supplier;)Ljava/lang/Object;+11
j  org.gradle.internal.model.StateTransitionController$$Lambda$302+0x0000021cbf32d808.create()Ljava/lang/Object;+12
j  org.gradle.internal.work.DefaultSynchronizer.withLock(Lorg/gradle/internal/Factory;)Ljava/lang/Object;+6
j  org.gradle.internal.model.StateTransitionController.notInState(Lorg/gradle/internal/model/StateTransitionController$State;Ljava/util/function/Supplier;)Ljava/lang/Object;+12
j  org.gradle.internal.build.DefaultBuildLifecycleController.withProjectsConfigured(Ljava/util/function/Function;)Ljava/lang/Object;+14
j  org.gradle.internal.build.DefaultBuildToolingModelController.locateBuilderForTarget(Ljava/lang/String;Z)Lorg/gradle/tooling/provider/model/internal/ToolingModelScope;+38
j  org.gradle.internal.buildtree.DefaultBuildTreeModelCreator$DefaultBuildTreeModelController.lambda$locateBuilderForTarget$0(Ljava/lang/String;ZLorg/gradle/internal/build/BuildToolingModelController;)Lorg/gradle/tooling/provider/model/internal/ToolingModelScope;+3
j  org.gradle.internal.buildtree.DefaultBuildTreeModelCreator$DefaultBuildTreeModelController$$Lambda$298+0x0000021cbf318c00.apply(Ljava/lang/Object;)Ljava/lang/Object;+12
j  org.gradle.internal.build.DefaultBuildLifecycleController.withToolingModels(Ljava/util/function/Function;)Ljava/lang/Object;+15
j  org.gradle.internal.build.AbstractBuildState.withToolingModels(Ljava/util/function/Function;)Ljava/lang/Object;+5
j  org.gradle.internal.buildtree.DefaultBuildTreeModelCreator$DefaultBuildTreeModelController.locateBuilderForTarget(Lorg/gradle/internal/build/BuildState;Ljava/lang/String;Z)Lorg/gradle/tooling/provider/model/internal/ToolingModelScope;+8
j  org.gradle.internal.buildtree.DefaultBuildTreeModelCreator$DefaultBuildTreeModelController.locateBuilderForDefaultTarget(Ljava/lang/String;Z)Lorg/gradle/tooling/provider/model/internal/ToolingModelScope;+10
j  org.gradle.tooling.internal.provider.runner.BuildModelActionRunner$ModelCreateAction.fromBuildModel(Lorg/gradle/internal/buildtree/BuildTreeModelController;)Ljava/lang/Object;+11
j  org.gradle.internal.buildtree.DefaultBuildTreeModelCreator.fromBuildModel(Lorg/gradle/internal/buildtree/BuildTreeModelAction;)Ljava/lang/Object;+10
j  org.gradle.internal.buildtree.DefaultBuildTreeLifecycleController.lambda$fromBuildModel$2(Lorg/gradle/internal/buildtree/BuildTreeModelAction;Z)Lorg/gradle/internal/build/ExecutionResult;+57
j  org.gradle.internal.buildtree.DefaultBuildTreeLifecycleController$$Lambda$294+0x0000021cbf319000.get()Ljava/lang/Object;+12
j  org.gradle.internal.buildtree.DefaultBuildTreeLifecycleController.lambda$runBuild$4(Ljava/util/function/Supplier;)Ljava/lang/Object;+1
j  org.gradle.internal.buildtree.DefaultBuildTreeLifecycleController$$Lambda$295+0x0000021cbf319220.get()Ljava/lang/Object;+8
j  org.gradle.internal.model.StateTransitionController.lambda$transition$6(Ljava/util/function/Supplier;)Lorg/gradle/internal/build/ExecutionResult;+1
j  org.gradle.internal.model.StateTransitionController$$Lambda$297+0x0000021cbf319660.get()Ljava/lang/Object;+4
j  org.gradle.internal.model.StateTransitionController.doTransition(Lorg/gradle/internal/model/StateTransitionController$State;Lorg/gradle/internal/model/StateTransitionController$State;Ljava/util/function/Supplier;)Lorg/gradle/internal/build/ExecutionResult;+24
j  org.gradle.internal.model.StateTransitionController.lambda$transition$7(Lorg/gradle/internal/model/StateTransitionController$State;Lorg/gradle/internal/model/StateTransitionController$State;Ljava/util/function/Supplier;)Ljava/lang/Object;+9
j  org.gradle.internal.model.StateTransitionController$$Lambda$296+0x0000021cbf319440.create()Ljava/lang/Object;+16
j  org.gradle.internal.work.DefaultSynchronizer.withLock(Lorg/gradle/internal/Factory;)Ljava/lang/Object;+6
j  org.gradle.internal.model.StateTransitionController.transition(Lorg/gradle/internal/model/StateTransitionController$State;Lorg/gradle/internal/model/StateTransitionController$State;Ljava/util/function/Supplier;)Ljava/lang/Object;+13
j  org.gradle.internal.buildtree.DefaultBuildTreeLifecycleController.runBuild(Ljava/util/function/Supplier;)Ljava/lang/Object;+17
j  org.gradle.internal.buildtree.DefaultBuildTreeLifecycleController.fromBuildModel(ZLorg/gradle/internal/buildtree/BuildTreeModelAction;)Ljava/lang/Object;+9
j  org.gradle.tooling.internal.provider.runner.BuildModelActionRunner.run(Lorg/gradle/internal/invocation/BuildAction;Lorg/gradle/internal/buildtree/BuildTreeLifecycleController;)Lorg/gradle/internal/buildtree/BuildActionRunner$Result;+40
j  org.gradle.launcher.exec.ChainingBuildActionRunner.run(Lorg/gradle/internal/invocation/BuildAction;Lorg/gradle/internal/buildtree/BuildTreeLifecycleController;)Lorg/gradle/internal/buildtree/BuildActionRunner$Result;+34
j  org.gradle.internal.buildtree.ProblemReportingBuildActionRunner.run(Lorg/gradle/internal/invocation/BuildAction;Lorg/gradle/internal/buildtree/BuildTreeLifecycleController;)Lorg/gradle/internal/buildtree/BuildActionRunner$Result;+12
j  org.gradle.launcher.exec.BuildOutcomeReportingBuildActionRunner.run(Lorg/gradle/internal/invocation/BuildAction;Lorg/gradle/internal/buildtree/BuildTreeLifecycleController;)Lorg/gradle/internal/buildtree/BuildActionRunner$Result;+69
j  org.gradle.tooling.internal.provider.FileSystemWatchingBuildActionRunner.run(Lorg/gradle/internal/invocation/BuildAction;Lorg/gradle/internal/buildtree/BuildTreeLifecycleController;)Lorg/gradle/internal/buildtree/BuildActionRunner$Result;+335
j  org.gradle.launcher.exec.BuildCompletionNotifyingBuildActionRunner.run(Lorg/gradle/internal/invocation/BuildAction;Lorg/gradle/internal/buildtree/BuildTreeLifecycleController;)Lorg/gradle/internal/buildtree/BuildActionRunner$Result;+6
j  org.gradle.launcher.exec.RootBuildLifecycleBuildActionExecutor.lambda$execute$0(Lorg/gradle/internal/invocation/BuildAction;Lorg/gradle/internal/buildtree/BuildTreeLifecycleController;)Lorg/gradle/internal/buildtree/BuildActionRunner$Result;+6
j  org.gradle.launcher.exec.RootBuildLifecycleBuildActionExecutor$$Lambda$263+0x0000021cbf308aa8.apply(Ljava/lang/Object;)Ljava/lang/Object;+12
j  org.gradle.composite.internal.DefaultRootBuildState.run(Ljava/util/function/Function;)Ljava/lang/Object;+87
j  org.gradle.launcher.exec.RootBuildLifecycleBuildActionExecutor.execute(Lorg/gradle/internal/invocation/BuildAction;Lorg/gradle/internal/buildtree/BuildTreeContext;)Lorg/gradle/internal/buildtree/BuildActionRunner$Result;+28
j  org.gradle.internal.buildtree.InitDeprecationLoggingActionExecutor.execute(Lorg/gradle/internal/invocation/BuildAction;Lorg/gradle/internal/buildtree/BuildTreeContext;)Lorg/gradle/internal/buildtree/BuildActionRunner$Result;+83
j  org.gradle.internal.buildtree.InitProblems.execute(Lorg/gradle/internal/invocation/BuildAction;Lorg/gradle/internal/buildtree/BuildTreeContext;)Lorg/gradle/internal/buildtree/BuildActionRunner$Result;+13
j  org.gradle.internal.buildtree.DefaultBuildTreeContext.execute(Lorg/gradle/internal/invocation/BuildAction;)Lorg/gradle/internal/buildtree/BuildActionRunner$Result;+64
j  org.gradle.launcher.exec.BuildTreeLifecycleBuildActionExecutor.lambda$execute$0(Lorg/gradle/internal/invocation/BuildAction;Lorg/gradle/internal/buildtree/BuildTreeContext;)Lorg/gradle/internal/buildtree/BuildActionRunner$Result;+2
j  org.gradle.launcher.exec.BuildTreeLifecycleBuildActionExecutor$$Lambda$205+0x0000021cbf264c60.apply(Ljava/lang/Object;)Ljava/lang/Object;+8
j  org.gradle.internal.buildtree.BuildTreeState.run(Ljava/util/function/Function;)Ljava/lang/Object;+45
j  org.gradle.launcher.exec.BuildTreeLifecycleBuildActionExecutor.execute(Lorg/gradle/internal/invocation/BuildAction;Lorg/gradle/internal/session/BuildSessionContext;)Lorg/gradle/internal/buildtree/BuildActionRunner$Result;+74
j  org.gradle.launcher.exec.RunAsBuildOperationBuildActionExecutor$3.call(Lorg/gradle/internal/operations/BuildOperationContext;)Lorg/gradle/internal/buildtree/BuildActionRunner$Result;+25
j  org.gradle.launcher.exec.RunAsBuildOperationBuildActionExecutor$3.call(Lorg/gradle/internal/operations/BuildOperationContext;)Ljava/lang/Object;+2
j  org.gradle.internal.operations.DefaultBuildOperationRunner$CallableBuildOperationWorker.execute(Lorg/gradle/internal/operations/CallableBuildOperation;Lorg/gradle/internal/operations/BuildOperationContext;)V+3
j  org.gradle.internal.operations.DefaultBuildOperationRunner$CallableBuildOperationWorker.execute(Lorg/gradle/internal/operations/BuildOperation;Lorg/gradle/internal/operations/BuildOperationContext;)V+6
j  org.gradle.internal.operations.DefaultBuildOperationRunner$2.execute(Lorg/gradle/internal/operations/BuildOperationDescriptor;Lorg/gradle/internal/operations/BuildOperationState;Lorg/gradle/internal/operations/BuildOperationState;Lorg/gradle/internal/operations/DefaultBuildOperationRunner$ReadableBuildOperationContext;Lorg/gradle/internal/operations/DefaultBuildOperationRunner$BuildOperationExecutionListener;)Lorg/gradle/internal/operations/BuildOperation;+22
j  org.gradle.internal.operations.DefaultBuildOperationRunner$2.execute(Lorg/gradle/internal/operations/BuildOperationDescriptor;Lorg/gradle/internal/operations/BuildOperationState;Lorg/gradle/internal/operations/BuildOperationState;Lorg/gradle/internal/operations/DefaultBuildOperationRunner$ReadableBuildOperationContext;Lorg/gradle/internal/operations/DefaultBuildOperationRunner$BuildOperationExecutionListener;)Ljava/lang/Object;+8
j  org.gradle.internal.operations.DefaultBuildOperationRunner.execute(Lorg/gradle/internal/operations/BuildOperationDescriptor$Builder;Lorg/gradle/internal/operations/BuildOperationState;Lorg/gradle/internal/operations/DefaultBuildOperationRunner$BuildOperationExecution;)Ljava/lang/Object;+141
j  org.gradle.internal.operations.DefaultBuildOperationRunner.execute(Lorg/gradle/internal/operations/BuildOperation;Lorg/gradle/internal/operations/BuildOperationWorker;Lorg/gradle/internal/operations/BuildOperationState;)V+18
j  org.gradle.internal.operations.DefaultBuildOperationRunner.call(Lorg/gradle/internal/operations/CallableBuildOperation;)Ljava/lang/Object;+16
j  org.gradle.internal.operations.DefaultBuildOperationExecutor.call(Lorg/gradle/internal/operations/CallableBuildOperation;)Ljava/lang/Object;+5
j  org.gradle.launcher.exec.RunAsBuildOperationBuildActionExecutor.execute(Lorg/gradle/internal/invocation/BuildAction;Lorg/gradle/internal/session/BuildSessionContext;)Lorg/gradle/internal/buildtree/BuildActionRunner$Result;+23
j  org.gradle.launcher.exec.RunAsWorkerThreadBuildActionExecutor.lambda$execute$0(Lorg/gradle/internal/invocation/BuildAction;Lorg/gradle/internal/session/BuildSessionContext;)Lorg/gradle/internal/buildtree/BuildActionRunner$Result;+6
j  org.gradle.launcher.exec.RunAsWorkerThreadBuildActionExecutor$$Lambda$198+0x0000021cbf23d0d8.create()Ljava/lang/Object;+12
j  org.gradle.internal.work.DefaultWorkerLeaseService.withLocks(Ljava/util/Collection;Lorg/gradle/internal/Factory;)Ljava/lang/Object;+28
j  org.gradle.internal.work.DefaultWorkerLeaseService.runAsWorkerThread(Lorg/gradle/internal/Factory;)Ljava/lang/Object;+33
j  org.gradle.launcher.exec.RunAsWorkerThreadBuildActionExecutor.execute(Lorg/gradle/internal/invocation/BuildAction;Lorg/gradle/internal/session/BuildSessionContext;)Lorg/gradle/internal/buildtree/BuildActionRunner$Result;+12
j  org.gradle.tooling.internal.provider.continuous.ContinuousBuildActionExecutor.execute(Lorg/gradle/internal/invocation/BuildAction;Lorg/gradle/internal/session/BuildSessionContext;)Lorg/gradle/internal/buildtree/BuildActionRunner$Result;+58
j  org.gradle.tooling.internal.provider.SubscribableBuildActionExecutor.execute(Lorg/gradle/internal/invocation/BuildAction;Lorg/gradle/internal/session/BuildSessionContext;)Lorg/gradle/internal/buildtree/BuildActionRunner$Result;+30
j  org.gradle.internal.session.DefaultBuildSessionContext.execute(Lorg/gradle/internal/invocation/BuildAction;)Lorg/gradle/internal/buildtree/BuildActionRunner$Result;+64
j  org.gradle.tooling.internal.provider.BuildSessionLifecycleBuildActionExecuter$ActionImpl.apply(Lorg/gradle/internal/session/BuildSessionContext;)Lorg/gradle/launcher/exec/BuildActionResult;+6
j  org.gradle.tooling.internal.provider.BuildSessionLifecycleBuildActionExecuter$ActionImpl.apply(Ljava/lang/Object;)Ljava/lang/Object;+5
j  org.gradle.internal.session.BuildSessionState.run(Ljava/util/function/Function;)Ljava/lang/Object;+5
j  org.gradle.tooling.internal.provider.BuildSessionLifecycleBuildActionExecuter.execute(Lorg/gradle/internal/invocation/BuildAction;Lorg/gradle/launcher/exec/BuildActionParameters;Lorg/gradle/initialization/BuildRequestContext;)Lorg/gradle/launcher/exec/BuildActionResult;+95
j  org.gradle.tooling.internal.provider.BuildSessionLifecycleBuildActionExecuter.execute(Lorg/gradle/internal/invocation/BuildAction;Ljava/lang/Object;Ljava/lang/Object;)Lorg/gradle/launcher/exec/BuildActionResult;+10
j  org.gradle.tooling.internal.provider.StartParamsValidatingActionExecuter.execute(Lorg/gradle/internal/invocation/BuildAction;Lorg/gradle/launcher/exec/BuildActionParameters;Lorg/gradle/initialization/BuildRequestContext;)Lorg/gradle/launcher/exec/BuildActionResult;+203
j  org.gradle.tooling.internal.provider.StartParamsValidatingActionExecuter.execute(Lorg/gradle/internal/invocation/BuildAction;Ljava/lang/Object;Ljava/lang/Object;)Lorg/gradle/launcher/exec/BuildActionResult;+10
j  org.gradle.tooling.internal.provider.SessionFailureReportingActionExecuter.execute(Lorg/gradle/internal/invocation/BuildAction;Lorg/gradle/launcher/exec/BuildActionParameters;Lorg/gradle/initialization/BuildRequestContext;)Lorg/gradle/launcher/exec/BuildActionResult;+7
j  org.gradle.tooling.internal.provider.SessionFailureReportingActionExecuter.execute(Lorg/gradle/internal/invocation/BuildAction;Ljava/lang/Object;Ljava/lang/Object;)Lorg/gradle/launcher/exec/BuildActionResult;+10
j  org.gradle.tooling.internal.provider.SetupLoggingActionExecuter.execute(Lorg/gradle/internal/invocation/BuildAction;Lorg/gradle/launcher/exec/BuildActionParameters;Lorg/gradle/initialization/BuildRequestContext;)Lorg/gradle/launcher/exec/BuildActionResult;+50
j  org.gradle.tooling.internal.provider.SetupLoggingActionExecuter.execute(Lorg/gradle/internal/invocation/BuildAction;Ljava/lang/Object;Ljava/lang/Object;)Lorg/gradle/launcher/exec/BuildActionResult;+10
j  org.gradle.launcher.daemon.server.exec.ExecuteBuild.doBuild(Lorg/gradle/launcher/daemon/server/api/DaemonCommandExecution;Lorg/gradle/launcher/daemon/protocol/Build;)V+117
j  org.gradle.launcher.daemon.server.exec.BuildCommandOnly.execute(Lorg/gradle/launcher/daemon/server/api/DaemonCommandExecution;)V+49
j  org.gradle.launcher.daemon.server.api.DaemonCommandExecution.proceed()Z+23
j  org.gradle.launcher.daemon.server.exec.WatchForDisconnection.execute(Lorg/gradle/launcher/daemon/server/api/DaemonCommandExecution;)V+19
j  org.gradle.launcher.daemon.server.api.DaemonCommandExecution.proceed()Z+23
j  org.gradle.launcher.daemon.server.exec.ResetDeprecationLogger.execute(Lorg/gradle/launcher/daemon/server/api/DaemonCommandExecution;)V+7
j  org.gradle.launcher.daemon.server.api.DaemonCommandExecution.proceed()Z+23
j  org.gradle.launcher.daemon.server.exec.RequestStopIfSingleUsedDaemon.execute(Lorg/gradle/launcher/daemon/server/api/DaemonCommandExecution;)V+33
j  org.gradle.launcher.daemon.server.api.DaemonCommandExecution.proceed()Z+23
j  org.gradle.launcher.daemon.server.exec.ForwardClientInput$2.create()Ljava/lang/Void;+4
j  org.gradle.launcher.daemon.server.exec.ForwardClientInput$2.create()Ljava/lang/Object;+1
j  org.gradle.util.internal.Swapper.swap(Ljava/lang/Object;Lorg/gradle/internal/Factory;)Ljava/lang/Object;+21
j  org.gradle.launcher.daemon.server.exec.ForwardClientInput.execute(Lorg/gradle/launcher/daemon/server/api/DaemonCommandExecution;)V+63
j  org.gradle.launcher.daemon.server.api.DaemonCommandExecution.proceed()Z+23
j  org.gradle.launcher.daemon.server.exec.LogAndCheckHealth.execute(Lorg/gradle/launcher/daemon/server/api/DaemonCommandExecution;)V+51
j  org.gradle.launcher.daemon.server.api.DaemonCommandExecution.proceed()Z+23
j  org.gradle.launcher.daemon.server.exec.LogToClient.doBuild(Lorg/gradle/launcher/daemon/server/api/DaemonCommandExecution;Lorg/gradle/launcher/daemon/protocol/Build;)V+87
j  org.gradle.launcher.daemon.server.exec.BuildCommandOnly.execute(Lorg/gradle/launcher/daemon/server/api/DaemonCommandExecution;)V+49
j  org.gradle.launcher.daemon.server.api.DaemonCommandExecution.proceed()Z+23
j  org.gradle.launcher.daemon.server.exec.EstablishBuildEnvironment.doBuild(Lorg/gradle/launcher/daemon/server/api/DaemonCommandExecution;Lorg/gradle/launcher/daemon/protocol/Build;)V+356
j  org.gradle.launcher.daemon.server.exec.BuildCommandOnly.execute(Lorg/gradle/launcher/daemon/server/api/DaemonCommandExecution;)V+49
j  org.gradle.launcher.daemon.server.api.DaemonCommandExecution.proceed()Z+23
j  org.gradle.launcher.daemon.server.exec.StartBuildOrRespondWithBusy$1.run()V+44
j  org.gradle.launcher.daemon.server.DaemonStateCoordinator$1.run()V+4
j  org.gradle.internal.concurrent.ExecutorPolicy$CatchAndRecordFailures.onExecute(Ljava/lang/Runnable;)V+1
j  org.gradle.internal.concurrent.AbstractManagedExecutor$1.run()V+25
j  java.util.concurrent.ThreadPoolExecutor.runWorker(Ljava/util/concurrent/ThreadPoolExecutor$Worker;)V+92 java.base@17.0.17
j  java.util.concurrent.ThreadPoolExecutor$Worker.run()V+5 java.base@17.0.17
j  java.lang.Thread.run()V+11 java.base@17.0.17
v  ~StubRoutines::call_stub

Compiled method (n/a) 154592 2084     n 0       java.lang.ClassLoader::defineClass0 (native)
 total in heap  [0x0000021caf48dc10,0x0000021caf48e138] = 1320
 relocation     [0x0000021caf48dd70,0x0000021caf48dda8] = 56
 main code      [0x0000021caf48ddc0,0x0000021caf48e138] = 888

[Constant Pool (empty)]

[MachCode]
[Entry Point]
  # {method} {0x0000021cbe011490} 'defineClass0' '(Ljava/lang/ClassLoader;Ljava/lang/Class;Ljava/lang/String;[BIILjava/security/ProtectionDomain;ZILjava/lang/Object;)Ljava/lang/Class;' in 'java/lang/ClassLoader'
  # parm0:    rdx:rdx   = 'java/lang/ClassLoader'
  # parm1:    r8:r8     = 'java/lang/Class'
  # parm2:    r9:r9     = 'java/lang/String'
  # parm3:    rdi:rdi   = '[B'
  # parm4:    rsi       = int
  # parm5:    rcx       = int
  # parm6:    [sp+0xb0]   = 'java/security/ProtectionDomain'  (sp of caller)
  # parm7:    [sp+0xb8]   = boolean
  # parm8:    [sp+0xc0]   = int
  # parm9:    [sp+0xc8]   = 'java/lang/Object'
  0x0000021caf48ddc0: 448b 5208 | 49bb 0000 | 00be 1c02 | 0000 4d03 | d349 3bc2 | 0f84 0600 

  0x0000021caf48ddd8: ;   {runtime_call ic_miss_stub}
  0x0000021caf48ddd8: 0000 e9a1 | 329a ff90 
[Verified Entry Point]
  0x0000021caf48dde0: 8984 2400 | 90ff ff55 | 488b ec48 | 81ec a000 | 0000 4881 | 7d28 0000 | 0000 488d | 4528 480f 
  0x0000021caf48de00: 4445 2848 | 8944 2458 | 4863 4520 | 4889 4424 | 5048 6345 | 1848 8944 | 2448 4881 | 7d10 0000 
  0x0000021caf48de20: 0000 488d | 4510 480f | 4445 1048 | 8944 2440 | 4889 4c24 | 3848 8974 | 2430 4889 | 7c24 7848 
  0x0000021caf48de40: 83ff 0048 | 8d44 2478 | 480f 4444 | 2478 4889 | 4424 284c | 894c 2470 | 4983 f900 | 488d 4424 
  0x0000021caf48de60: 7048 0f44 | 4424 7048 | 8944 2420 | 4c89 4424 | 6849 83f8 | 004c 8d4c | 2468 4c0f | 444c 2468 
  0x0000021caf48de80: 4889 5424 | 6048 83fa | 004c 8d44 | 2460 4c0f | 4444 2460 

  0x0000021caf48de94: ;   {oop(a 'java/lang/Class'{0x000000008062a4b0} = 'java/lang/ClassLoader')}
  0x0000021caf48de94: 49be b0a4 | 6280 0000 | 0000 4c89 | b424 9000 | 0000 4c8d | b424 9000 | 0000 498b | d6c5 f877 
  0x0000021caf48deb4: ;   {internal_word}
  0x0000021caf48deb4: 49ba b1de | 48af 1c02 | 0000 4d89 | 97a0 0200 | 0049 89a7 | 9802 0000 

  0x0000021caf48decc: ;   {external_word}
  0x0000021caf48decc: 49ba d5c6 | da06 fa7f | 0000 4180 | 3a00 0f84 | 5200 0000 | 5241 5041 

  0x0000021caf48dee4: ;   {metadata({method} {0x0000021cbe011490} 'defineClass0' '(Ljava/lang/ClassLoader;Ljava/lang/Class;Ljava/lang/String;[BIILjava/security/ProtectionDomain;ZILjava/lang/Object;)Ljava/lang/Class;' in 'java/lang/ClassLoader')}
  0x0000021caf48dee4: 5148 ba88 | 1401 be1c | 0200 0049 | 8bcf 4883 | ec20 f7c4 | 0f00 0000 | 0f84 1a00 | 0000 4883 
  0x0000021caf48df04: ;   {runtime_call}
  0x0000021caf48df04: ec08 49ba | 1099 9006 | fa7f 0000 | 41ff d248 | 83c4 08e9 | 0d00 0000 

  0x0000021caf48df1c: ;   {runtime_call}
  0x0000021caf48df1c: 49ba 1099 | 9006 fa7f | 0000 41ff | d248 83c4 | 2041 5941 | 585a 498d | 8fb8 0200 | 0041 c787 
  0x0000021caf48df3c: 4003 0000 | 0400 0000 

  0x0000021caf48df44: ;   {runtime_call}
  0x0000021caf48df44: 49ba 1c15 | 8b51 fa7f | 0000 41ff | d2c5 f877 | 41c7 8740 | 0300 0005 | 0000 00f0 | 8344 24c0 
  0x0000021caf48df64: 0049 3baf | 4803 0000 | 0f87 1100 | 0000 4181 | bf30 0300 | 0000 0000 | 000f 842c | 0000 00c5 
  0x0000021caf48df84: f877 4889 | 45f8 498b | cf4c 8be4 | 4883 ec20 | 4883 e4f0 

  0x0000021caf48df98: ;   {runtime_call}
  0x0000021caf48df98: 49ba 00a9 | a006 fa7f | 0000 41ff | d249 8be4 | 4d33 e448 | 8b45 f841 | c787 4003 | 0000 0800 
  0x0000021caf48dfb8: 0000 4181 | bfb0 0300 | 0002 0000 | 000f 843f 

  0x0000021caf48dfc8: ;   {external_word}
  0x0000021caf48dfc8: 0100 0049 | bad5 c6da | 06fa 7f00 | 0041 803a | 000f 8450 | 0000 0048 

  0x0000021caf48dfe0: ;   {metadata({method} {0x0000021cbe011490} 'defineClass0' '(Ljava/lang/ClassLoader;Ljava/lang/Class;Ljava/lang/String;[BIILjava/security/ProtectionDomain;ZILjava/lang/Object;)Ljava/lang/Class;' in 'java/lang/ClassLoader')}
  0x0000021caf48dfe0: 8945 f848 | ba88 1401 | be1c 0200 | 0049 8bcf | 4883 ec20 | f7c4 0f00 | 0000 0f84 | 1a00 0000 
  0x0000021caf48e000: 4883 ec08 

  0x0000021caf48e004: ;   {runtime_call}
  0x0000021caf48e004: 49ba 1099 | 9006 fa7f | 0000 41ff | d248 83c4 | 08e9 0d00 

  0x0000021caf48e018: ;   {runtime_call}
  0x0000021caf48e018: 0000 49ba | 1099 9006 | fa7f 0000 | 41ff d248 | 83c4 2048 | 8b45 f849 | c787 9802 | 0000 0000 
  0x0000021caf48e038: 0000 49c7 | 87a0 0200 | 0000 0000 | 00c5 f877 | 4885 c00f | 8493 0000 | 0048 f7c0 | 0100 0000 
  0x0000021caf48e058: 0f84 8300 | 0000 488b | 40ff 4180 | 7f38 000f | 846f 0000 | 0048 83f8 | 000f 8465 | 0000 0049 
  0x0000021caf48e078: 8b4f 2048 | 83f9 000f | 8414 0000 | 0048 83e9 | 0849 894f | 2049 034f | 3048 8901 | e943 0000 
  0x0000021caf48e098: 0050 498b | d748 8bc8 | 4883 ec20 | f7c4 0f00 | 0000 0f84 | 1a00 0000 | 4883 ec08 

  0x0000021caf48e0b4: ;   {runtime_call}
  0x0000021caf48e0b4: 49ba 6069 | 4f06 fa7f | 0000 41ff | d248 83c4 | 08e9 0d00 

  0x0000021caf48e0c8: ;   {runtime_call}
  0x0000021caf48e0c8: 0000 49ba | 6069 4f06 | fa7f 0000 | 41ff d248 | 83c4 2058 | e903 0000 | 0048 8b00 | 498b 8fd8 
  0x0000021caf48e0e8: 0000 00c7 | 8100 0100 | 0000 0000 | 00c9 4981 | 7f08 0000 | 0000 0f85 | 0100 0000 

  0x0000021caf48e104: ;   {runtime_call StubRoutines (1)}
  0x0000021caf48e104: c3e9 f62d | 95ff c5f8 | 7748 8945 | f84c 8be4 | 4883 ec20 | 4883 e4f0 

  0x0000021caf48e11c: ;   {runtime_call}
  0x0000021caf48e11c: 49ba 00ca | 9006 fa7f | 0000 41ff | d249 8be4 | 4d33 e448 | 8b45 f8e9 | 93fe ffff 
[/MachCode]


Compiled method (c1) 154606 2909       3       java.lang.System$2::defineClass (21 bytes)
 total in heap  [0x0000021ca7e92a90,0x0000021ca7e92e80] = 1008
 relocation     [0x0000021ca7e92bf0,0x0000021ca7e92c30] = 64
 main code      [0x0000021ca7e92c40,0x0000021ca7e92d80] = 320
 stub code      [0x0000021ca7e92d80,0x0000021ca7e92dc8] = 72
 metadata       [0x0000021ca7e92dc8,0x0000021ca7e92dd0] = 8
 scopes data    [0x0000021ca7e92dd0,0x0000021ca7e92e18] = 72
 scopes pcs     [0x0000021ca7e92e18,0x0000021ca7e92e68] = 80
 dependencies   [0x0000021ca7e92e68,0x0000021ca7e92e70] = 8
 nul chk table  [0x0000021ca7e92e70,0x0000021ca7e92e80] = 16

[Constant Pool (empty)]

[MachCode]
[Entry Point]
  # {method} {0x0000021cbe407f98} 'defineClass' '(Ljava/lang/ClassLoader;Ljava/lang/Class;Ljava/lang/String;[BLjava/security/ProtectionDomain;ZILjava/lang/Object;)Ljava/lang/Class;' in 'java/lang/System$2'
  # this:     rdx:rdx   = 'java/lang/System$2'
  # parm0:    r8:r8     = 'java/lang/ClassLoader'
  # parm1:    r9:r9     = 'java/lang/Class'
  # parm2:    rdi:rdi   = 'java/lang/String'
  # parm3:    rsi:rsi   = '[B'
  # parm4:    rcx:rcx   = 'java/security/ProtectionDomain'
  # parm5:    [sp+0x70]   = boolean  (sp of caller)
  # parm6:    [sp+0x78]   = int
  # parm7:    [sp+0x80]   = 'java/lang/Object'
  0x0000021ca7e92c40: 448b 5208 | 49bb 0000 | 00be 1c02 | 0000 4d03 | d34c 3bd0 

  0x0000021ca7e92c54: ;   {runtime_call ic_miss_stub}
  0x0000021ca7e92c54: 0f85 26e4 | f906 660f | 1f44 0000 
[Verified Entry Point]
  0x0000021ca7e92c60: 8984 2400 | 90ff ff55 | 4883 ec60 

  0x0000021ca7e92c6c: ;   {metadata(method data for {method} {0x0000021cbe407f98} 'defineClass' '(Ljava/lang/ClassLoader;Ljava/lang/Class;Ljava/lang/String;[BLjava/security/ProtectionDomain;ZILjava/lang/Object;)Ljava/lang/Class;' in 'java/lang/System$2')}
  0x0000021ca7e92c6c: 488b d948 | b9b8 75bb | 801c 0200 | 008b 81cc | 0000 0083 | c002 8981 | cc00 0000 | 81e0 fe07 
  0x0000021ca7e92c8c: 0000 83f8 | 000f 8468 | 0000 004c | 8bac 2480 | 0000 0044 | 8b5c 2478 | 8b44 2470 

  0x0000021ca7e92ca8: ; implicit exception: dispatches to 0x0000021ca7e92d20
                      ;   {metadata(method data for {method} {0x0000021cbe407f98} 'defineClass' '(Ljava/lang/ClassLoader;Ljava/lang/Class;Ljava/lang/String;[BLjava/security/ProtectionDomain;ZILjava/lang/Object;)Ljava/lang/Class;' in 'java/lang/System$2')}
  0x0000021ca7e92ca8: 8b4e 0c48 | bab8 75bb | 801c 0200 | 0048 8382 | 1001 0000 | 0149 8bd0 | 4d8b c14c | 8bcf 488b 
  0x0000021ca7e92cc8: febe 0000 | 0000 4889 | 1c24 8944 | 2408 4489 | 5c24 104c | 896c 2418 | 0f1f 8000 

  0x0000021ca7e92ce4: ;   {static_call}
  0x0000021ca7e92ce4: 0000 00e8 

  0x0000021ca7e92ce8: ; ImmutableOopMap {}
                      ;*invokestatic defineClass0 {reexecute=0 rethrow=0 return_oop=0}
                      ; - java.lang.System$2::defineClass@17 (line 2324)
  0x0000021ca7e92ce8: f4b0 5f07 | 4883 c460 

  0x0000021ca7e92cf0: ;   {poll_return}
  0x0000021ca7e92cf0: 5d49 3ba7 | 4803 0000 | 0f87 2700 

  0x0000021ca7e92cfc: ;   {metadata({method} {0x0000021cbe407f98} 'defineClass' '(Ljava/lang/ClassLoader;Ljava/lang/Class;Ljava/lang/String;[BLjava/security/ProtectionDomain;ZILjava/lang/Object;)Ljava/lang/Class;' in 'java/lang/System$2')}
  0x0000021ca7e92cfc: 0000 c349 | ba90 7f40 | be1c 0200 | 004c 8954 | 2408 48c7 | 0424 ffff 

  0x0000021ca7e92d14: ;   {runtime_call counter_overflow Runtime1 stub}
  0x0000021ca7e92d14: ffff e865 

  0x0000021ca7e92d18: ; ImmutableOopMap {rdx=Oop r8=Oop r9=Oop rdi=Oop rsi=Oop rbx=Oop [128]=Oop }
                      ;*synchronization entry
                      ; - java.lang.System$2::defineClass@-1 (line 2324)
  0x0000021ca7e92d18: 6a04 07e9 | 77ff ffff 

  0x0000021ca7e92d20: ;   {runtime_call throw_null_pointer_exception Runtime1 stub}
  0x0000021ca7e92d20: e87b 1904 

  0x0000021ca7e92d24: ; ImmutableOopMap {r8=Oop r9=Oop rdi=Oop rsi=Oop rbx=Oop r13=Oop [128]=Oop }
                      ;*arraylength {reexecute=0 rethrow=0 return_oop=0}
                      ; - java.lang.System$2::defineClass@8 (line 2324)
                      ;   {internal_word}
  0x0000021ca7e92d24: 0749 baf1 | 2ce9 a71c | 0200 004d | 8997 6003 

  0x0000021ca7e92d34: ;   {runtime_call SafepointBlob}
  0x0000021ca7e92d34: 0000 e9c5 | 4cfa 0690 | 9049 8b87 | d803 0000 | 49c7 87d8 | 0300 0000 | 0000 0049 | c787 e003 
  0x0000021ca7e92d54: 0000 0000 | 0000 4883 

  0x0000021ca7e92d5c: ;   {runtime_call unwind_exception Runtime1 stub}
  0x0000021ca7e92d5c: c460 5de9 | 1c0a 0407 | f4f4 f4f4 | f4f4 f4f4 | f4f4 f4f4 | f4f4 f4f4 | f4f4 f4f4 | f4f4 f4f4 
  0x0000021ca7e92d7c: f4f4 f4f4 
[Stub Code]
  0x0000021ca7e92d80: ;   {no_reloc}
  0x0000021ca7e92d80: 0f1f 4400 

  0x0000021ca7e92d84: ;   {static_stub}
  0x0000021ca7e92d84: 0048 bb00 | 0000 0000 

  0x0000021ca7e92d8c: ;   {runtime_call}
  0x0000021ca7e92d8c: 0000 00e9 | fbff ffff 
[Exception Handler]
  0x0000021ca7e92d94: ;   {runtime_call handle_exception_from_callee Runtime1 stub}
  0x0000021ca7e92d94: e8e7 3604 

  0x0000021ca7e92d98: ;   {external_word}
  0x0000021ca7e92d98: 0748 b900 | fab4 06fa | 7f00 0048 

  0x0000021ca7e92da4: ;   {runtime_call}
  0x0000021ca7e92da4: 83e4 f049 | ba00 8f7d | 06fa 7f00 | 0041 ffd2 

  0x0000021ca7e92db4: ;   {section_word}
  0x0000021ca7e92db4: f449 bab5 | 2de9 a71c | 0200 0041 

  0x0000021ca7e92dc0: ;   {runtime_call DeoptimizationBlob}
  0x0000021ca7e92dc0: 52e9 da3e | fa06 f4f4 
[/MachCode]


Compiled method (c1) 154612 2433       3       java.lang.invoke.MethodHandles$Lookup$ClassDefiner::defineClass (97 bytes)
 total in heap  [0x0000021ca7d77d10,0x0000021ca7d794f8] = 6120
 relocation     [0x0000021ca7d77e70,0x0000021ca7d77fc0] = 336
 main code      [0x0000021ca7d77fc0,0x0000021ca7d78ec0] = 3840
 stub code      [0x0000021ca7d78ec0,0x0000021ca7d78f38] = 120
 metadata       [0x0000021ca7d78f38,0x0000021ca7d78fc8] = 144
 scopes data    [0x0000021ca7d78fc8,0x0000021ca7d79220] = 600
 scopes pcs     [0x0000021ca7d79220,0x0000021ca7d79480] = 608
 dependencies   [0x0000021ca7d79480,0x0000021ca7d79498] = 24
 nul chk table  [0x0000021ca7d79498,0x0000021ca7d794f8] = 96

[Constant Pool (empty)]

[MachCode]
[Entry Point]
  # {method} {0x0000021cbe1bb948} 'defineClass' '(ZLjava/lang/Object;)Ljava/lang/Class;' in 'java/lang/invoke/MethodHandles$Lookup$ClassDefiner'
  # this:     rdx:rdx   = 'java/lang/invoke/MethodHandles$Lookup$ClassDefiner'
  # parm0:    r8        = boolean
  # parm1:    r9:r9     = 'java/lang/Object'
  #           [sp+0x100]  (sp of caller)
  0x0000021ca7d77fc0: 448b 5208 | 49bb 0000 | 00be 1c02 | 0000 4d03 | d34c 3bd0 

  0x0000021ca7d77fd4: ;   {runtime_call ic_miss_stub}
  0x0000021ca7d77fd4: 0f85 a690 | 0b07 660f | 1f44 0000 
[Verified Entry Point]
  0x0000021ca7d77fe0: 8984 2400 | 90ff ff55 | 4881 ecf0 | 0000 0048 | 8994 24b8 | 0000 0044 | 8984 24c8 | 0000 004c 
  0x0000021ca7d78000: 898c 24d0 

  0x0000021ca7d78004: ;   {metadata(method data for {method} {0x0000021cbe1bb948} 'defineClass' '(ZLjava/lang/Object;)Ljava/lang/Class;' in 'java/lang/invoke/MethodHandles$Lookup$ClassDefiner')}
  0x0000021ca7d78004: 0000 0048 | be28 6dbb | 801c 0200 | 008b becc | 0000 0083 | c702 89be | cc00 0000 | 81e7 fe07 
  0x0000021ca7d78024: 0000 83ff | 000f 841b | 0b00 008b | 7210 483b | 0648 8bfe 

  0x0000021ca7d78038: ;   {metadata(method data for {method} {0x0000021cbe1bb948} 'defineClass' '(ZLjava/lang/Object;)Ljava/lang/Class;' in 'java/lang/invoke/MethodHandles$Lookup$ClassDefiner')}
  0x0000021ca7d78038: 48bb 286d | bb80 1c02 | 0000 4883 | 8310 0100 | 0001 8b76 | 1048 89b4 | 24c0 0000 | 0048 3b06 
  0x0000021ca7d78058: ;   {metadata(method data for {method} {0x0000021cbe1bb948} 'defineClass' '(ZLjava/lang/Object;)Ljava/lang/Class;' in 'java/lang/invoke/MethodHandles$Lookup$ClassDefiner')}
  0x0000021ca7d78058: 488b fe48 | bb28 6dbb | 801c 0200 | 0048 8383 | 4801 0000 

  0x0000021ca7d7806c: ;   {metadata(method data for {method} {0x0000021cbe43d7b8} 'getClassLoader' '()Ljava/lang/ClassLoader;' in 'java/lang/Class')}
  0x0000021ca7d7806c: 0148 bfa8 | 3903 801c | 0200 008b | 9fcc 0000 | 0083 c302 | 899f cc00 | 0000 81e3 | feff 1f00 
  0x0000021ca7d7808c: 83fb 000f | 84e0 0a00 | 0048 8bfe 

  0x0000021ca7d78098: ;   {metadata(method data for {method} {0x0000021cbe43d7b8} 'getClassLoader' '()Ljava/lang/ClassLoader;' in 'java/lang/Class')}
  0x0000021ca7d78098: 48bb a839 | 0380 1c02 | 0000 4883 | 8310 0100 | 0001 8b7e | 3448 89bc | 24b0 0000 | 0048 83ff 
  0x0000021ca7d780b8: ;   {metadata(method data for {method} {0x0000021cbe43d7b8} 'getClassLoader' '()Ljava/lang/ClassLoader;' in 'java/lang/Class')}
  0x0000021ca7d780b8: 0048 bba8 | 3903 801c | 0200 0048 | c7c0 4801 | 0000 0f85 | 0700 0000 | 48c7 c058 | 0100 0048 
  0x0000021ca7d780d8: 8b0c 0348 | 8d49 0148 | 890c 030f | 850f 0000 

  0x0000021ca7d780e8: ;   {oop(NULL)}
  0x0000021ca7d780e8: 0048 bf00 | 0000 0000 | 0000 00e9 | 7406 0000 

  0x0000021ca7d780f8: ;   {metadata(method data for {method} {0x0000021cbe43d7b8} 'getClassLoader' '()Ljava/lang/ClassLoader;' in 'java/lang/Class')}
  0x0000021ca7d780f8: 48bb a839 | 0380 1c02 | 0000 4883 | 8368 0100 

  0x0000021ca7d78108: ;   {metadata(method data for {method} {0x0000021cbe01e1b0} 'getSecurityManager' '()Ljava/lang/SecurityManager;' in 'java/lang/System')}
  0x0000021ca7d78108: 0001 48bb | 803c 0380 | 1c02 0000 | 8b83 cc00 | 0000 83c0 | 0289 83cc | 0000 0081 | e0fe ff1f 
  0x0000021ca7d78128: 0083 f800 | 0f84 640a 

  0x0000021ca7d78130: ;   {metadata(method data for {method} {0x0000021cbe01e1b0} 'getSecurityManager' '()Ljava/lang/SecurityManager;' in 'java/lang/System')}
  0x0000021ca7d78130: 0000 48bb | 803c 0380 | 1c02 0000 | 4883 8310 | 0100 0001 

  0x0000021ca7d78144: ;   {metadata(method data for {method} {0x0000021cbe01e2c8} 'allowSecurityManager' '()Z' in 'java/lang/System')}
  0x0000021ca7d78144: 48bb 683e | 0380 1c02 | 0000 8b83 | cc00 0000 | 83c0 0289 | 83cc 0000 | 0081 e0fe | ff1f 0083 
  0x0000021ca7d78164: f800 0f84 | 4b0a 0000 

  0x0000021ca7d7816c: ;   {metadata(method data for {method} {0x0000021cbe01e2c8} 'allowSecurityManager' '()Z' in 'java/lang/System')}
  0x0000021ca7d7816c: 48bb 683e | 0380 1c02 | 0000 ff83 | 2001 0000 

  0x0000021ca7d7817c: ;   {metadata(method data for {method} {0x0000021cbe01e2c8} 'allowSecurityManager' '()Z' in 'java/lang/System')}
  0x0000021ca7d7817c: 48bb 683e | 0380 1c02 | 0000 ff83 | 3001 0000 

  0x0000021ca7d7818c: ;   {metadata(method data for {method} {0x0000021cbe01e1b0} 'getSecurityManager' '()Ljava/lang/SecurityManager;' in 'java/lang/System')}
  0x0000021ca7d7818c: 48bb 803c | 0380 1c02 | 0000 ff83 | 3001 0000 

  0x0000021ca7d7819c: ;   {oop(a 'java/lang/Class'{0x00000000800fb220} = 'java/lang/System')}
  0x0000021ca7d7819c: 48bb 20b2 | 0f80 0000 | 0000 8b5b | 7c48 83fb 

  0x0000021ca7d781ac: ;   {metadata(method data for {method} {0x0000021cbe43d7b8} 'getClassLoader' '()Ljava/lang/ClassLoader;' in 'java/lang/Class')}
  0x0000021ca7d781ac: 0048 bba8 | 3903 801c | 0200 0048 | c7c0 7801 | 0000 0f84 | 0700 0000 | 48c7 c088 | 0100 0048 
  0x0000021ca7d781cc: 8b0c 0348 | 8d49 0148 | 890c 030f | 848f 0500 

  0x0000021ca7d781dc: ;   {metadata(method data for {method} {0x0000021cbe43d7b8} 'getClassLoader' '()Ljava/lang/ClassLoader;' in 'java/lang/Class')}
  0x0000021ca7d781dc: 0048 bba8 | 3903 801c | 0200 0048 | 8383 9801 

  0x0000021ca7d781ec: ;   {static_call}
  0x0000021ca7d781ec: 0000 01e8 

  0x0000021ca7d781f0: ; ImmutableOopMap {[192]=Oop [184]=Oop [176]=Oop [208]=Oop }
                      ;*invokestatic getCallerClass {reexecute=0 rethrow=0 return_oop=0}
                      ; - java.lang.Class::getClassLoader@20 (line 903)
                      ; - java.lang.invoke.MethodHandles$Lookup$ClassDefiner::defineClass@9 (line 2436)
  0x0000021ca7d781f0: 8c97 0b07 

  0x0000021ca7d781f4: ;   {metadata(method data for {method} {0x0000021cbe43d7b8} 'getClassLoader' '()Ljava/lang/ClassLoader;' in 'java/lang/Class')}
  0x0000021ca7d781f4: 49b8 a839 | 0380 1c02 | 0000 4983 | 80a8 0100 

  0x0000021ca7d78204: ;   {metadata(method data for {method} {0x0000021cbe0107d0} 'checkClassLoaderPermission' '(Ljava/lang/ClassLoader;Ljava/lang/Class;)V' in 'java/lang/ClassLoader')}
  0x0000021ca7d78204: 0001 49b8 | a840 0380 | 1c02 0000 | 418b 90cc | 0000 0083 | c202 4189 | 90cc 0000 | 0081 e2fe 
  0x0000021ca7d78224: ff1f 0083 | fa00 0f84 | a809 0000 

  0x0000021ca7d78230: ;   {metadata(method data for {method} {0x0000021cbe0107d0} 'checkClassLoaderPermission' '(Ljava/lang/ClassLoader;Ljava/lang/Class;)V' in 'java/lang/ClassLoader')}
  0x0000021ca7d78230: 49b8 a840 | 0380 1c02 | 0000 4983 | 8010 0100 

  0x0000021ca7d78240: ;   {metadata(method data for {method} {0x0000021cbe01e1b0} 'getSecurityManager' '()Ljava/lang/SecurityManager;' in 'java/lang/System')}
  0x0000021ca7d78240: 0001 49b8 | 803c 0380 | 1c02 0000 | 418b 90cc | 0000 0083 | c202 4189 | 90cc 0000 | 0081 e2fe 
  0x0000021ca7d78260: ff1f 0083 | fa00 0f84 | 8d09 0000 

  0x0000021ca7d7826c: ;   {metadata(method data for {method} {0x0000021cbe01e1b0} 'getSecurityManager' '()Ljava/lang/SecurityManager;' in 'java/lang/System')}
  0x0000021ca7d7826c: 49b8 803c | 0380 1c02 | 0000 4983 | 8010 0100 

  0x0000021ca7d7827c: ;   {metadata(method data for {method} {0x0000021cbe01e2c8} 'allowSecurityManager' '()Z' in 'java/lang/System')}
  0x0000021ca7d7827c: 0001 49b8 | 683e 0380 | 1c02 0000 | 418b 90cc | 0000 0083 | c202 4189 | 90cc 0000 | 0081 e2fe 
  0x0000021ca7d7829c: ff1f 0083 | fa00 0f84 | 7209 0000 

  0x0000021ca7d782a8: ;   {metadata(method data for {method} {0x0000021cbe01e2c8} 'allowSecurityManager' '()Z' in 'java/lang/System')}
  0x0000021ca7d782a8: 49b8 683e | 0380 1c02 | 0000 41ff | 8020 0100 

  0x0000021ca7d782b8: ;   {metadata(method data for {method} {0x0000021cbe01e2c8} 'allowSecurityManager' '()Z' in 'java/lang/System')}
  0x0000021ca7d782b8: 0049 b868 | 3e03 801c | 0200 0041 | ff80 3001 

  0x0000021ca7d782c8: ;   {metadata(method data for {method} {0x0000021cbe01e1b0} 'getSecurityManager' '()Ljava/lang/SecurityManager;' in 'java/lang/System')}
  0x0000021ca7d782c8: 0000 49b8 | 803c 0380 | 1c02 0000 | 41ff 8030 

  0x0000021ca7d782d8: ;   {oop(a 'java/lang/Class'{0x00000000800fb220} = 'java/lang/System')}
  0x0000021ca7d782d8: 0100 0049 | b820 b20f | 8000 0000 | 0041 8b50 | 7c48 83fa 

  0x0000021ca7d782ec: ;   {metadata(method data for {method} {0x0000021cbe0107d0} 'checkClassLoaderPermission' '(Ljava/lang/ClassLoader;Ljava/lang/Class;)V' in 'java/lang/ClassLoader')}
  0x0000021ca7d782ec: 0049 b8a8 | 4003 801c | 0200 0048 | c7c6 2001 | 0000 0f84 | 0700 0000 | 48c7 c630 | 0100 0049 
  0x0000021ca7d7830c: 8b3c 3048 | 8d7f 0149 | 893c 300f | 8447 0400 

  0x0000021ca7d7831c: ;   {metadata(method data for {method} {0x0000021cbe0107d0} 'checkClassLoaderPermission' '(Ljava/lang/ClassLoader;Ljava/lang/Class;)V' in 'java/lang/ClassLoader')}
  0x0000021ca7d7831c: 0049 b8a8 | 4003 801c | 0200 0049 | 8380 4001 

  0x0000021ca7d7832c: ;   {metadata(method data for {method} {0x0000021cbe010778} 'getClassLoader' '(Ljava/lang/Class;)Ljava/lang/ClassLoader;' in 'java/lang/ClassLoader')}
  0x0000021ca7d7832c: 0000 0149 | b8e0 4203 | 801c 0200 | 0041 8bb0 | cc00 0000 | 83c6 0241 | 89b0 cc00 | 0000 81e6 
  0x0000021ca7d7834c: feff 1f00 | 83fe 000f | 84e2 0800 | 0048 83f8 

  0x0000021ca7d7835c: ;   {metadata(method data for {method} {0x0000021cbe010778} 'getClassLoader' '(Ljava/lang/Class;)Ljava/lang/ClassLoader;' in 'java/lang/ClassLoader')}
  0x0000021ca7d7835c: 0049 b8e0 | 4203 801c | 0200 0048 | c7c6 1001 | 0000 0f85 | 0700 0000 | 48c7 c620 | 0100 0049 
  0x0000021ca7d7837c: 8b3c 3048 | 8d7f 0149 | 893c 300f | 850f 0000 

  0x0000021ca7d7838c: ;   {oop(NULL)}
  0x0000021ca7d7838c: 0049 b800 | 0000 0000 | 0000 00e9 | 1c00 0000 

  0x0000021ca7d7839c: ; implicit exception: dispatches to 0x0000021ca7d78c5c
  0x0000021ca7d7839c: 483b 004c 

  0x0000021ca7d783a0: ;   {metadata(method data for {method} {0x0000021cbe010778} 'getClassLoader' '(Ljava/lang/Class;)Ljava/lang/ClassLoader;' in 'java/lang/ClassLoader')}
  0x0000021ca7d783a0: 8bc0 48be | e042 0380 | 1c02 0000 | 4883 8630 | 0100 0001 | 448b 4034 | 488b bc24 | b000 0000 
  0x0000021ca7d783c0: ;   {metadata(method data for {method} {0x0000021cbe0107d0} 'checkClassLoaderPermission' '(Ljava/lang/ClassLoader;Ljava/lang/Class;)V' in 'java/lang/ClassLoader')}
  0x0000021ca7d783c0: 48be a840 | 0380 1c02 | 0000 4883 | 8650 0100 

  0x0000021ca7d783d0: ;   {metadata(method data for {method} {0x0000021cbe0111c0} 'needsClassLoaderPermissionCheck' '(Ljava/lang/ClassLoader;Ljava/lang/ClassLoader;)Z' in 'java/lang/ClassLoader')}
  0x0000021ca7d783d0: 0001 48be | 1046 0380 | 1c02 0000 | 8b9e cc00 | 0000 83c3 | 0289 9ecc | 0000 0081 | e3fe ff1f 
  0x0000021ca7d783f0: 0083 fb00 | 0f84 6708 | 0000 4c3b 

  0x0000021ca7d783fc: ;   {metadata(method data for {method} {0x0000021cbe0111c0} 'needsClassLoaderPermissionCheck' '(Ljava/lang/ClassLoader;Ljava/lang/ClassLoader;)Z' in 'java/lang/ClassLoader')}
  0x0000021ca7d783fc: c748 be10 | 4603 801c | 0200 0048 | c7c3 1001 | 0000 0f85 | 0700 0000 | 48c7 c320 | 0100 0048 
  0x0000021ca7d7841c: 8b04 1e48 | 8d40 0148 | 8904 1e0f | 850b 0000 | 0041 b800 | 0000 00e9 | 3d02 0000 | 4983 f800 
  0x0000021ca7d7843c: ;   {metadata(method data for {method} {0x0000021cbe0111c0} 'needsClassLoaderPermissionCheck' '(Ljava/lang/ClassLoader;Ljava/lang/ClassLoader;)Z' in 'java/lang/ClassLoader')}
  0x0000021ca7d7843c: 48be 1046 | 0380 1c02 | 0000 48c7 | c330 0100 | 000f 8507 | 0000 0048 | c7c3 4001 | 0000 488b 
  0x0000021ca7d7845c: 041e 488d | 4001 4889 | 041e 0f85 | 0b00 0000 | 41b8 0000 | 0000 e9fe | 0100 0048 | 3b07 488b 
  0x0000021ca7d7847c: ;   {metadata(method data for {method} {0x0000021cbe0111c0} 'needsClassLoaderPermissionCheck' '(Ljava/lang/ClassLoader;Ljava/lang/ClassLoader;)Z' in 'java/lang/ClassLoader')}
  0x0000021ca7d7847c: f748 bb10 | 4603 801c | 0200 008b | 7608 49ba | 0000 00be | 1c02 0000 | 4903 f248 | 3bb3 6001 
  0x0000021ca7d7849c: 0000 750d | 4883 8368 | 0100 0001 | e966 0000 | 0048 3bb3 | 7001 0000 | 750d 4883 | 8378 0100 
  0x0000021ca7d784bc: 0001 e950 | 0000 0048 | 81bb 6001 | 0000 0000 | 0000 7517 | 4889 b360 | 0100 0048 | c783 6801 
  0x0000021ca7d784dc: 0000 0100 | 0000 e92c | 0000 0048 | 81bb 7001 | 0000 0000 | 0000 7517 | 4889 b370 | 0100 0048 
  0x0000021ca7d784fc: c783 7801 | 0000 0100 | 0000 e908 | 0000 0048 | 8383 5001 

  0x0000021ca7d78510: ;   {metadata(method data for {method} {0x0000021cbe00a4f8} 'isAncestor' '(Ljava/lang/ClassLoader;)Z' in 'java/lang/ClassLoader')}
  0x0000021ca7d78510: 0000 0148 | be18 4803 | 801c 0200 | 008b 9ecc | 0000 0083 | c302 899e | cc00 0000 | 81e3 feff 
  0x0000021ca7d78530: 1f00 83fb | 000f 844c | 0700 0048 | 8bf7 e98c | 0000 000f | 1f44 0000 | 4883 fe00 | bb02 0000 
  0x0000021ca7d78550: 000f 8505 | 0000 00bb | 0000 0000 

  0x0000021ca7d7855c: ;   {metadata(method data for {method} {0x0000021cbe00a4f8} 'isAncestor' '(Ljava/lang/ClassLoader;)Z' in 'java/lang/ClassLoader')}
  0x0000021ca7d7855c: 48b8 1848 | 0380 1c02 | 0000 8b88 | d000 0000 | 03cb 8988 | d000 0000 | 83fb 000f | 8505 0000 
  0x0000021ca7d7857c: 00b9 0200 | 0000 81e1 | fe3f 0000 | 83f9 000f | 8417 0700 | 004d 8b97 

  0x0000021ca7d78594: ; ImmutableOopMap {[192]=Oop [184]=Oop [208]=Oop rdx=Oop rdi=Oop [176]=Oop r8=Oop rsi=Oop }
                      ;*ifnonnull {reexecute=1 rethrow=0 return_oop=0}
                      ; - (reexecute) java.lang.ClassLoader::isAncestor@15 (line 2017)
                      ; - java.lang.ClassLoader::needsClassLoaderPermissionCheck@15 (line 2035)
                      ; - java.lang.ClassLoader::checkClassLoaderPermission@15 (line 2059)
                      ; - java.lang.Class::getClassLoader@23 (line 903)
                      ; - java.lang.invoke.MethodHandles$Lookup$ClassDefiner::defineClass@9 (line 2436)
  0x0000021ca7d78594: 5003 0000 

  0x0000021ca7d78598: ;   {poll}
  0x0000021ca7d78598: 4185 0248 

  0x0000021ca7d7859c: ;   {metadata(method data for {method} {0x0000021cbe00a4f8} 'isAncestor' '(Ljava/lang/ClassLoader;)Z' in 'java/lang/ClassLoader')}
  0x0000021ca7d7859c: 83fe 0048 | bb18 4803 | 801c 0200 | 0048 c7c0 | 4001 0000 | 0f84 0700 | 0000 48c7 | c030 0100 
  0x0000021ca7d785bc: 0048 8b0c | 0348 8d49 | 0148 890c | 030f 843b | 0000 008b | 7618 4c3b 

  0x0000021ca7d785d4: ;   {metadata(method data for {method} {0x0000021cbe00a4f8} 'isAncestor' '(Ljava/lang/ClassLoader;)Z' in 'java/lang/ClassLoader')}
  0x0000021ca7d785d4: c648 bb18 | 4803 801c | 0200 0048 | c7c0 1001 | 0000 0f85 | 0700 0000 | 48c7 c020 | 0100 0048 
  0x0000021ca7d785f4: 8b0c 0348 | 8d49 0148 | 890c 030f | 8543 ffff | ffe9 0b00 | 0000 41b8 | 0000 0000 | e906 0000 
  0x0000021ca7d78614: 0041 b801 | 0000 0041 

  0x0000021ca7d7861c: ;   {metadata(method data for {method} {0x0000021cbe0111c0} 'needsClassLoaderPermissionCheck' '(Ljava/lang/ClassLoader;Ljava/lang/ClassLoader;)Z' in 'java/lang/ClassLoader')}
  0x0000021ca7d7861c: 83f8 0049 | b810 4603 | 801c 0200 | 0048 c7c6 | 8801 0000 | 0f85 0700 | 0000 48c7 | c698 0100 
  0x0000021ca7d7863c: 0049 8b1c | 3048 8d5b | 0149 891c | 300f 851c 

  0x0000021ca7d7864c: ;   {metadata(method data for {method} {0x0000021cbe0111c0} 'needsClassLoaderPermissionCheck' '(Ljava/lang/ClassLoader;Ljava/lang/ClassLoader;)Z' in 'java/lang/ClassLoader')}
  0x0000021ca7d7864c: 0000 0049 | b810 4603 | 801c 0200 | 0041 ff80 | a801 0000 | 41b8 0100 | 0000 e906 | 0000 0041 
  0x0000021ca7d7866c: b800 0000 | 0041 83e0 | 0141 83f8 

  0x0000021ca7d78678: ;   {metadata(method data for {method} {0x0000021cbe0107d0} 'checkClassLoaderPermission' '(Ljava/lang/ClassLoader;Ljava/lang/Class;)V' in 'java/lang/ClassLoader')}
  0x0000021ca7d78678: 0049 b8a8 | 4003 801c | 0200 0048 | c7c6 6001 | 0000 0f84 | 0700 0000 | 48c7 c670 | 0100 0049 
  0x0000021ca7d78698: 8b1c 3048 | 8d5b 0149 | 891c 300f | 84bb 0000 | 0048 3b02 

  0x0000021ca7d786ac: ;   {metadata(method data for {method} {0x0000021cbe0107d0} 'checkClassLoaderPermission' '(Ljava/lang/ClassLoader;Ljava/lang/Class;)V' in 'java/lang/ClassLoader')}
  0x0000021ca7d786ac: 4c8b c248 | bea8 4003 | 801c 0200 | 0045 8b40 | 0849 ba00 | 0000 be1c | 0200 004d | 03c2 4c3b 
  0x0000021ca7d786cc: 8690 0100 | 0075 0d48 | 8386 9801 | 0000 01e9 | 6600 0000 | 4c3b 86a0 | 0100 0075 | 0d48 8386 
  0x0000021ca7d786ec: a801 0000 | 01e9 5000 | 0000 4881 | be90 0100 | 0000 0000 | 0075 174c | 8986 9001 | 0000 48c7 
  0x0000021ca7d7870c: 8698 0100 | 0001 0000 | 00e9 2c00 | 0000 4881 | bea0 0100 | 0000 0000 | 0075 174c | 8986 a001 
  0x0000021ca7d7872c: 0000 48c7 | 86a8 0100 | 0001 0000 | 00e9 0800 | 0000 4883 | 8680 0100 

  0x0000021ca7d78744: ;   {oop(a 'java/lang/RuntimePermission'{0x000000008121c308})}
  0x0000021ca7d78744: 0001 49b8 | 08c3 2181 | 0000 0000 | 0f1f 4400 | 0048 b8ff | ffff ffff 

  0x0000021ca7d7875c: ;   {virtual_call}
  0x0000021ca7d7875c: ffff ffe8 

  0x0000021ca7d78760: ; ImmutableOopMap {[192]=Oop [184]=Oop [208]=Oop [176]=Oop }
                      ;*invokevirtual checkPermission {reexecute=0 rethrow=0 return_oop=0}
                      ; - java.lang.ClassLoader::checkClassLoaderPermission@25 (line 2060)
                      ; - java.lang.Class::getClassLoader@23 (line 903)
                      ; - java.lang.invoke.MethodHandles$Lookup$ClassDefiner::defineClass@9 (line 2436)
  0x0000021ca7d78760: 1c8f 0b07 | 488b bc24 | b000 0000 | 4883 ff00 

  0x0000021ca7d78770: ;   {metadata(method data for {method} {0x0000021cbe1bb948} 'defineClass' '(ZLjava/lang/Object;)Ljava/lang/Class;' in 'java/lang/invoke/MethodHandles$Lookup$ClassDefiner')}
  0x0000021ca7d78770: 48ba 286d | bb80 1c02 | 0000 48c7 | c680 0100 | 000f 8407 | 0000 0048 | c7c6 9001 | 0000 488b 
  0x0000021ca7d78790: 1c32 488d | 5b01 4889 | 1c32 0f84 | 6802 0000 | 488b 9424 | b800 0000 | 8b72 1048 | 3b06 488b 
  0x0000021ca7d787b0: ;   {metadata(method data for {method} {0x0000021cbe1bb948} 'defineClass' '(ZLjava/lang/Object;)Ljava/lang/Class;' in 'java/lang/invoke/MethodHandles$Lookup$ClassDefiner')}
  0x0000021ca7d787b0: de48 b828 | 6dbb 801c | 0200 0048 | 8380 a001 

  0x0000021ca7d787c0: ;   {metadata(method data for {method} {0x0000021cbe37f070} 'lookupClassProtectionDomain' '()Ljava/security/ProtectionDomain;' in 'java/lang/invoke/MethodHandles$Lookup')}
  0x0000021ca7d787c0: 0000 0148 | bbc8 70bb | 801c 0200 | 008b 83cc | 0000 0083 | c002 8983 | cc00 0000 | 81e0 feff 
  0x0000021ca7d787e0: 1f00 83f8 | 000f 84ed | 0400 008b | 5e18 4883 

  0x0000021ca7d787f0: ;   {metadata(method data for {method} {0x0000021cbe37f070} 'lookupClassProtectionDomain' '()Ljava/security/ProtectionDomain;' in 'java/lang/invoke/MethodHandles$Lookup')}
  0x0000021ca7d787f0: fb00 48b8 | c870 bb80 | 1c02 0000 | 48c7 c110 | 0100 000f | 8507 0000 | 0048 c7c1 | 2001 0000 
  0x0000021ca7d78810: 4c8b 0408 | 4d8d 4001 | 4c89 0408 | 4889 bc24 | e000 0000 | 0f85 c801 

  0x0000021ca7d78828: ;   {metadata(method data for {method} {0x0000021cbe37f070} 'lookupClassProtectionDomain' '()Ljava/security/ProtectionDomain;' in 'java/lang/invoke/MethodHandles$Lookup')}
  0x0000021ca7d78828: 0000 48bb | c870 bb80 | 1c02 0000 | 4883 8330 | 0100 0001 

  0x0000021ca7d7883c: ;   {metadata(method data for {method} {0x0000021cbe40d958} 'getJavaLangAccess' '()Ljdk/internal/access/JavaLangAccess;' in 'jdk/internal/access/SharedSecrets')}
  0x0000021ca7d7883c: 48bb 208d | 2c80 1c02 | 0000 8b83 | cc00 0000 | 83c0 0289 | 83cc 0000 | 0081 e0fe | ff1f 0083 
  0x0000021ca7d7885c: f800 0f84 | 9504 0000 

  0x0000021ca7d78864: ;   {oop(a 'java/lang/Class'{0x00000000801120a0} = 'jdk/internal/access/SharedSecrets')}
  0x0000021ca7d78864: 48bb a020 | 1180 0000 | 0000 8b9b | 8000 0000 | 8b46 1048 | 83fb 000f | 842a 0000 

  0x0000021ca7d78880: ;   {metadata('java/lang/System$2')}
  0x0000021ca7d78880: 0049 bb28 | 5e01 be1c | 0200 0044 | 8b4b 0849 | ba00 0000 | be1c 0200 | 004d 03ca | 4d3b 5938 
  0x0000021ca7d788a0: 0f85 7404 | 0000 e900 | 0000 0048 | 8bcb 483b 

  0x0000021ca7d788b0: ;   {metadata(method data for {method} {0x0000021cbe37f070} 'lookupClassProtectionDomain' '()Ljava/security/ProtectionDomain;' in 'java/lang/invoke/MethodHandles$Lookup')}
  0x0000021ca7d788b0: 0348 b9c8 | 70bb 801c 

  0x0000021ca7d788b8: ;   {metadata('java/lang/System$2')}
  0x0000021ca7d788b8: 0200 0049 | ba28 5e01 | be1c 0200 | 004c 8991 | 5001 0000 | 4883 8158 | 0100 0001 

  0x0000021ca7d788d4: ;   {metadata(method data for {method} {0x0000021cbe4082b0} 'protectionDomain' '(Ljava/lang/Class;)Ljava/security/ProtectionDomain;' in 'java/lang/System$2')}
  0x0000021ca7d788d4: 48bb 8072 | bb80 1c02 | 0000 8b8b | cc00 0000 | 83c1 0289 | 8bcc 0000 | 0081 e1fe | ff1f 0083 
  0x0000021ca7d788f4: f900 0f84 | 2804 0000 

  0x0000021ca7d788fc: ; implicit exception: dispatches to 0x0000021ca7d78d45
  0x0000021ca7d788fc: 483b 0048 

  0x0000021ca7d78900: ;   {metadata(method data for {method} {0x0000021cbe4082b0} 'protectionDomain' '(Ljava/lang/Class;)Ljava/security/ProtectionDomain;' in 'java/lang/System$2')}
  0x0000021ca7d78900: 8bd8 48b9 | 8072 bb80 | 1c02 0000 | 4883 8110 | 0100 0001 

  0x0000021ca7d78914: ;   {metadata(method data for {method} {0x0000021cbe43c720} 'protectionDomain' '()Ljava/security/ProtectionDomain;' in 'java/lang/Class')}
  0x0000021ca7d78914: 48bb 1074 | bb80 1c02 | 0000 8b8b | cc00 0000 | 83c1 0289 | 8bcc 0000 | 0081 e1fe | ff1f 0083 
  0x0000021ca7d78934: f900 0f84 | 0e04 0000 

  0x0000021ca7d7893c: ;   {metadata(method data for {method} {0x0000021cbe43c720} 'protectionDomain' '()Ljava/security/ProtectionDomain;' in 'java/lang/Class')}
  0x0000021ca7d7893c: 488b d848 | b910 74bb | 801c 0200 | 0048 8381 | 1001 0000 | 0148 8bd0 | 4889 b424 | d800 0000 
  0x0000021ca7d7895c: ;   {optimized virtual_call}
  0x0000021ca7d7895c: 6666 90e8 

  0x0000021ca7d78960: ; ImmutableOopMap {[192]=Oop [208]=Oop [216]=Oop [224]=Oop [184]=Oop }
                      ;*invokevirtual getProtectionDomain0 {reexecute=0 rethrow=0 return_oop=0}
                      ; - java.lang.Class::protectionDomain@1 (line 3012)
                      ; - java.lang.System$2::protectionDomain@1 (line 2439)
                      ; - java.lang.invoke.MethodHandles$Lookup::lookupClassProtectionDomain@17 (line 2457)
                      ; - java.lang.invoke.MethodHandles$Lookup$ClassDefiner::defineClass@23 (line 2437)
  0x0000021ca7d78960: fc7c 7507 | 4883 f800 

  0x0000021ca7d78968: ;   {metadata(method data for {method} {0x0000021cbe43c720} 'protectionDomain' '()Ljava/security/ProtectionDomain;' in 'java/lang/Class')}
  0x0000021ca7d78968: 49b8 1074 | bb80 1c02 | 0000 49c7 | c148 0100 | 000f 8507 | 0000 0049 | c7c1 5801 | 0000 4b8b 
  0x0000021ca7d78988: 3c08 488d | 7f01 4b89 | 3c08 0f85 | 1c00 0000 

  0x0000021ca7d78998: ;   {no_reloc}
  0x0000021ca7d78998: e94a 0400 | 0000 0000 | 0000 660f | 1f44 0000 

  0x0000021ca7d789a8: ; implicit exception: dispatches to 0x0000021ca7d78df1
  0x0000021ca7d789a8: e955 0400 | 0090 90e9 | 0300 0000 | 4c8b c048 | 8bb4 24d8 | 0000 0045 | 0fbe 4f38 | 4183 f900 
  0x0000021ca7d789c8: 0f85 3e04 | 0000 4d8b | d044 8956 | 18f0 8344 | 24c0 004c | 8bce 4d33 | c849 c1e9 | 1449 83f9 
  0x0000021ca7d789e8: 000f 8539 | 0400 0049 

  0x0000021ca7d789f0: ;   {metadata(method data for {method} {0x0000021cbe1bb948} 'defineClass' '(ZLjava/lang/Object;)Ljava/lang/Class;' in 'java/lang/invoke/MethodHandles$Lookup$ClassDefiner')}
  0x0000021ca7d789f0: 8bd8 49b8 | 286d bb80 | 1c02 0000 | 41ff 80d8 | 0100 00e9 | 1200 0000 | 4889 bc24 | e000 0000 
  0x0000021ca7d78a10: ;   {oop(NULL)}
  0x0000021ca7d78a10: 48bb 0000 | 0000 0000 | 0000 488b | bc24 e000 | 0000 488b | b424 c000 | 0000 488b | 9424 b800 
  0x0000021ca7d78a30: ;   {metadata(method data for {method} {0x0000021cbe1bb948} 'defineClass' '(ZLjava/lang/Object;)Ljava/lang/Class;' in 'java/lang/invoke/MethodHandles$Lookup$ClassDefiner')}
  0x0000021ca7d78a30: 0000 49b8 | 286d bb80 | 1c02 0000 | 4983 80f0 | 0100 0001 

  0x0000021ca7d78a44: ;   {metadata(method data for {method} {0x0000021cbe40d958} 'getJavaLangAccess' '()Ljdk/internal/access/JavaLangAccess;' in 'jdk/internal/access/SharedSecrets')}
  0x0000021ca7d78a44: 49b8 208d | 2c80 1c02 | 0000 458b | 88cc 0000 | 0041 83c1 | 0245 8988 | cc00 0000 | 4181 e1fe 
  0x0000021ca7d78a64: ff1f 0041 | 83f9 000f | 84cf 0300 

  0x0000021ca7d78a70: ;   {oop(a 'java/lang/Class'{0x00000000801120a0} = 'jdk/internal/access/SharedSecrets')}
  0x0000021ca7d78a70: 0049 b8a0 | 2011 8000 | 0000 0045 | 8ba8 8000 | 0000 8b4a | 1444 8b72 | 1844 8b4a | 0c49 83fd 
  0x0000021ca7d78a90: 000f 842a 

  0x0000021ca7d78a94: ;   {metadata('java/lang/System$2')}
  0x0000021ca7d78a94: 0000 0048 | b828 5e01 | be1c 0200 | 0045 8b5d | 0849 ba00 | 0000 be1c | 0200 004d | 03da 493b 
  0x0000021ca7d78ab4: 4338 0f85 | a503 0000 | e900 0000 | 004d 8bc5 

  0x0000021ca7d78ac4: ; implicit exception: dispatches to 0x0000021ca7d78e66
  0x0000021ca7d78ac4: 493b 4500 

  0x0000021ca7d78ac8: ;   {metadata(method data for {method} {0x0000021cbe1bb948} 'defineClass' '(ZLjava/lang/Object;)Ljava/lang/Class;' in 'java/lang/invoke/MethodHandles$Lookup$ClassDefiner')}
  0x0000021ca7d78ac8: 4d8b c548 | ba28 6dbb | 801c 0200 

  0x0000021ca7d78ad4: ;   {metadata('java/lang/System$2')}
  0x0000021ca7d78ad4: 0049 ba28 | 5e01 be1c | 0200 004c | 8992 1002 | 0000 4883 | 8218 0200 | 0001 4c8b | c749 8bd1 
  0x0000021ca7d78af4: 4c8b ce48 | 8bf9 498b | f648 8bcb | 8b9c 24c8 | 0000 0089 | 1c24 8954 | 2408 488b | 9424 d000 
  0x0000021ca7d78b14: 0000 4889 | 5424 1049 

  0x0000021ca7d78b1c: ;   {optimized virtual_call}
  0x0000021ca7d78b1c: 8bd5 90e8 

  0x0000021ca7d78b20: ; ImmutableOopMap {[192]=Oop [184]=Oop }
                      ;*invokeinterface defineClass {reexecute=0 rethrow=0 return_oop=0}
                      ; - java.lang.invoke.MethodHandles$Lookup$ClassDefiner::defineClass@54 (line 2439)
  0x0000021ca7d78b20: 3ca1 1100 

  0x0000021ca7d78b24: ;   {metadata(method data for {method} {0x0000021cbe1bb948} 'defineClass' '(ZLjava/lang/Object;)Ljava/lang/Class;' in 'java/lang/invoke/MethodHandles$Lookup$ClassDefiner')}
  0x0000021ca7d78b24: 48be 286d | bb80 1c02 | 0000 ff86 | 3802 0000 | 4881 c4f0 | 0000 005d 

  0x0000021ca7d78b3c: ;   {poll_return}
  0x0000021ca7d78b3c: 493b a748 | 0300 000f | 8722 0300 

  0x0000021ca7d78b48: ;   {metadata({method} {0x0000021cbe1bb948} 'defineClass' '(ZLjava/lang/Object;)Ljava/lang/Class;' in 'java/lang/invoke/MethodHandles$Lookup$ClassDefiner')}
  0x0000021ca7d78b48: 00c3 49ba | 40b9 1bbe | 1c02 0000 | 4c89 5424 | 0848 c704 | 24ff ffff 

  0x0000021ca7d78b60: ;   {runtime_call counter_overflow Runtime1 stub}
  0x0000021ca7d78b60: ffe8 1a0c 

  0x0000021ca7d78b64: ; ImmutableOopMap {rdx=Oop [184]=Oop r9=Oop [208]=Oop }
                      ;*synchronization entry
                      ; - java.lang.invoke.MethodHandles$Lookup$ClassDefiner::defineClass@-1 (line 2435)
  0x0000021ca7d78b64: 1607 e9c4 

  0x0000021ca7d78b68: ;   {runtime_call throw_null_pointer_exception Runtime1 stub}
  0x0000021ca7d78b68: f4ff ffe8 

  0x0000021ca7d78b6c: ; ImmutableOopMap {rdx=Oop [184]=Oop r9=Oop [208]=Oop rsi=Oop }
                      ;*invokevirtual lookupClass {reexecute=0 rethrow=0 return_oop=0}
                      ; - java.lang.invoke.MethodHandles$Lookup$ClassDefiner::defineClass@4 (line 2435)
  0x0000021ca7d78b6c: 30bb 1507 

  0x0000021ca7d78b70: ;   {runtime_call throw_null_pointer_exception Runtime1 stub}
  0x0000021ca7d78b70: e82b bb15 

  0x0000021ca7d78b74: ; ImmutableOopMap {rdx=Oop [184]=Oop r9=Oop [208]=Oop rsi=Oop [192]=Oop }
                      ;*invokevirtual getClassLoader {reexecute=0 rethrow=0 return_oop=0}
                      ; - java.lang.invoke.MethodHandles$Lookup$ClassDefiner::defineClass@9 (line 2436)
                      ;   {metadata({method} {0x0000021cbe43d7b8} 'getClassLoader' '()Ljava/lang/ClassLoader;' in 'java/lang/Class')}
  0x0000021ca7d78b74: 0749 bab0 | d743 be1c | 0200 004c | 8954 2408 | 48c7 0424 | ffff ffff 

  0x0000021ca7d78b8c: ;   {runtime_call counter_overflow Runtime1 stub}
  0x0000021ca7d78b8c: e8ef 0b16 

  0x0000021ca7d78b90: ; ImmutableOopMap {rdx=Oop [184]=Oop r9=Oop [208]=Oop rsi=Oop [192]=Oop }
                      ;*synchronization entry
                      ; - java.lang.Class::getClassLoader@-1 (line 897)
                      ; - java.lang.invoke.MethodHandles$Lookup$ClassDefiner::defineClass@9 (line 2436)
  0x0000021ca7d78b90: 07e9 fff4 

  0x0000021ca7d78b94: ;   {metadata({method} {0x0000021cbe01e1b0} 'getSecurityManager' '()Ljava/lang/SecurityManager;' in 'java/lang/System')}
  0x0000021ca7d78b94: ffff 49ba | a8e1 01be | 1c02 0000 | 4c89 5424 | 0848 c704 | 24ff ffff 

  0x0000021ca7d78bac: ;   {runtime_call counter_overflow Runtime1 stub}
  0x0000021ca7d78bac: ffe8 ce0b 

  0x0000021ca7d78bb0: ; ImmutableOopMap {rdx=Oop [184]=Oop r9=Oop [208]=Oop rsi=Oop [192]=Oop rdi=Oop [176]=Oop }
                      ;*synchronization entry
                      ; - java.lang.System::getSecurityManager@-1 (line 484)
                      ; - java.lang.Class::getClassLoader@11 (line 901)
                      ; - java.lang.invoke.MethodHandles$Lookup$ClassDefiner::defineClass@9 (line 2436)
  0x0000021ca7d78bb0: 1607 e97b 

  0x0000021ca7d78bb4: ;   {metadata({method} {0x0000021cbe01e2c8} 'allowSecurityManager' '()Z' in 'java/lang/System')}
  0x0000021ca7d78bb4: f5ff ff49 | bac0 e201 | be1c 0200 | 004c 8954 | 2408 48c7 | 0424 ffff 

  0x0000021ca7d78bcc: ;   {runtime_call counter_overflow Runtime1 stub}
  0x0000021ca7d78bcc: ffff e8ad 

  0x0000021ca7d78bd0: ; ImmutableOopMap {rdx=Oop [184]=Oop r9=Oop [208]=Oop rsi=Oop [192]=Oop rdi=Oop [176]=Oop }
                      ;*synchronization entry
                      ; - java.lang.System::allowSecurityManager@-1 (line 194)
                      ; - java.lang.System::getSecurityManager@0 (line 484)
                      ; - java.lang.Class::getClassLoader@11 (line 901)
                      ; - java.lang.invoke.MethodHandles$Lookup$ClassDefiner::defineClass@9 (line 2436)
  0x0000021ca7d78bd0: 0b16 07e9 | 94f5 ffff 

  0x0000021ca7d78bd8: ;   {metadata({method} {0x0000021cbe0107d0} 'checkClassLoaderPermission' '(Ljava/lang/ClassLoader;Ljava/lang/Class;)V' in 'java/lang/ClassLoader')}
  0x0000021ca7d78bd8: 49ba c807 | 01be 1c02 | 0000 4c89 | 5424 0848 | c704 24ff 

  0x0000021ca7d78bec: ;   {runtime_call counter_overflow Runtime1 stub}
  0x0000021ca7d78bec: ffff ffe8 

  0x0000021ca7d78bf0: ; ImmutableOopMap {[192]=Oop [184]=Oop [176]=Oop [208]=Oop rax=Oop }
                      ;*synchronization entry
                      ; - java.lang.ClassLoader::checkClassLoaderPermission@-1 (line 2055)
                      ; - java.lang.Class::getClassLoader@23 (line 903)
                      ; - java.lang.invoke.MethodHandles$Lookup$ClassDefiner::defineClass@9 (line 2436)
  0x0000021ca7d78bf0: 8c0b 1607 | e937 f6ff 

  0x0000021ca7d78bf8: ;   {metadata({method} {0x0000021cbe01e1b0} 'getSecurityManager' '()Ljava/lang/SecurityManager;' in 'java/lang/System')}
  0x0000021ca7d78bf8: ff49 baa8 | e101 be1c | 0200 004c | 8954 2408 | 48c7 0424 | ffff ffff 

  0x0000021ca7d78c10: ;   {runtime_call counter_overflow Runtime1 stub}
  0x0000021ca7d78c10: e86b 0b16 

  0x0000021ca7d78c14: ; ImmutableOopMap {[192]=Oop [184]=Oop [176]=Oop [208]=Oop rax=Oop }
                      ;*synchronization entry
                      ; - java.lang.System::getSecurityManager@-1 (line 484)
                      ; - java.lang.ClassLoader::checkClassLoaderPermission@0 (line 2055)
                      ; - java.lang.Class::getClassLoader@23 (line 903)
                      ; - java.lang.invoke.MethodHandles$Lookup$ClassDefiner::defineClass@9 (line 2436)
  0x0000021ca7d78c14: 07e9 52f6 

  0x0000021ca7d78c18: ;   {metadata({method} {0x0000021cbe01e2c8} 'allowSecurityManager' '()Z' in 'java/lang/System')}
  0x0000021ca7d78c18: ffff 49ba | c0e2 01be | 1c02 0000 | 4c89 5424 | 0848 c704 | 24ff ffff 

  0x0000021ca7d78c30: ;   {runtime_call counter_overflow Runtime1 stub}
  0x0000021ca7d78c30: ffe8 4a0b 

  0x0000021ca7d78c34: ; ImmutableOopMap {[192]=Oop [184]=Oop [176]=Oop [208]=Oop rax=Oop }
                      ;*synchronization entry
                      ; - java.lang.System::allowSecurityManager@-1 (line 194)
                      ; - java.lang.System::getSecurityManager@0 (line 484)
                      ; - java.lang.ClassLoader::checkClassLoaderPermission@0 (line 2055)
                      ; - java.lang.Class::getClassLoader@23 (line 903)
                      ; - java.lang.invoke.MethodHandles$Lookup$ClassDefiner::defineClass@9 (line 2436)
  0x0000021ca7d78c34: 1607 e96d 

  0x0000021ca7d78c38: ;   {metadata({method} {0x0000021cbe010778} 'getClassLoader' '(Ljava/lang/Class;)Ljava/lang/ClassLoader;' in 'java/lang/ClassLoader')}
  0x0000021ca7d78c38: f6ff ff49 | ba70 0701 | be1c 0200 | 004c 8954 | 2408 48c7 | 0424 ffff 

  0x0000021ca7d78c50: ;   {runtime_call counter_overflow Runtime1 stub}
  0x0000021ca7d78c50: ffff e829 

  0x0000021ca7d78c54: ; ImmutableOopMap {[192]=Oop [184]=Oop [176]=Oop [208]=Oop rdx=Oop rax=Oop }
                      ;*synchronization entry
                      ; - java.lang.ClassLoader::getClassLoader@-1 (line 2041)
                      ; - java.lang.ClassLoader::checkClassLoaderPermission@9 (line 2058)
                      ; - java.lang.Class::getClassLoader@23 (line 903)
                      ; - java.lang.invoke.MethodHandles$Lookup$ClassDefiner::defineClass@9 (line 2436)
  0x0000021ca7d78c54: 0b16 07e9 | fdf6 ffff 

  0x0000021ca7d78c5c: ;   {runtime_call throw_null_pointer_exception Runtime1 stub}
  0x0000021ca7d78c5c: e83f ba15 

  0x0000021ca7d78c60: ; ImmutableOopMap {[192]=Oop [184]=Oop [176]=Oop [208]=Oop rdx=Oop rax=Oop }
                      ;*invokevirtual getClassLoader0 {reexecute=0 rethrow=0 return_oop=0}
                      ; - java.lang.ClassLoader::getClassLoader@7 (line 2045)
                      ; - java.lang.ClassLoader::checkClassLoaderPermission@9 (line 2058)
                      ; - java.lang.Class::getClassLoader@23 (line 903)
                      ; - java.lang.invoke.MethodHandles$Lookup$ClassDefiner::defineClass@9 (line 2436)
                      ;   {metadata({method} {0x0000021cbe0111c0} 'needsClassLoaderPermissionCheck' '(Ljava/lang/ClassLoader;Ljava/lang/ClassLoader;)Z' in 'java/lang/ClassLoader')}
  0x0000021ca7d78c60: 0749 bab8 | 1101 be1c | 0200 004c | 8954 2408 | 48c7 0424 | ffff ffff 

  0x0000021ca7d78c78: ;   {runtime_call counter_overflow Runtime1 stub}
  0x0000021ca7d78c78: e803 0b16 

  0x0000021ca7d78c7c: ; ImmutableOopMap {[192]=Oop [184]=Oop [208]=Oop rdx=Oop r8=Oop rdi=Oop [176]=Oop }
                      ;*synchronization entry
                      ; - java.lang.ClassLoader::needsClassLoaderPermissionCheck@-1 (line 2029)
                      ; - java.lang.ClassLoader::checkClassLoaderPermission@15 (line 2059)
                      ; - java.lang.Class::getClassLoader@23 (line 903)
                      ; - java.lang.invoke.MethodHandles$Lookup$ClassDefiner::defineClass@9 (line 2436)
  0x0000021ca7d78c7c: 07e9 78f7 

  0x0000021ca7d78c80: ;   {runtime_call throw_null_pointer_exception Runtime1 stub}
  0x0000021ca7d78c80: ffff e819 

  0x0000021ca7d78c84: ; ImmutableOopMap {[192]=Oop [184]=Oop [208]=Oop rdx=Oop rdi=Oop [176]=Oop r8=Oop }
                      ;*invokevirtual isAncestor {reexecute=0 rethrow=0 return_oop=0}
                      ; - java.lang.ClassLoader::needsClassLoaderPermissionCheck@15 (line 2035)
                      ; - java.lang.ClassLoader::checkClassLoaderPermission@15 (line 2059)
                      ; - java.lang.Class::getClassLoader@23 (line 903)
                      ; - java.lang.invoke.MethodHandles$Lookup$ClassDefiner::defineClass@9 (line 2436)
                      ;   {metadata({method} {0x0000021cbe00a4f8} 'isAncestor' '(Ljava/lang/ClassLoader;)Z' in 'java/lang/ClassLoader')}
  0x0000021ca7d78c84: ba15 0749 | baf0 a400 | be1c 0200 | 004c 8954 | 2408 48c7 | 0424 ffff 

  0x0000021ca7d78c9c: ;   {runtime_call counter_overflow Runtime1 stub}
  0x0000021ca7d78c9c: ffff e8dd 

  0x0000021ca7d78ca0: ; ImmutableOopMap {[192]=Oop [184]=Oop [208]=Oop rdx=Oop rdi=Oop [176]=Oop r8=Oop }
                      ;*synchronization entry
                      ; - java.lang.ClassLoader::isAncestor@-1 (line 2011)
                      ; - java.lang.ClassLoader::needsClassLoaderPermissionCheck@15 (line 2035)
                      ; - java.lang.ClassLoader::checkClassLoaderPermission@15 (line 2059)
                      ; - java.lang.Class::getClassLoader@23 (line 903)
                      ; - java.lang.invoke.MethodHandles$Lookup$ClassDefiner::defineClass@9 (line 2436)
  0x0000021ca7d78ca0: 0a16 07e9 | 93f8 ffff 

  0x0000021ca7d78ca8: ;   {metadata({method} {0x0000021cbe00a4f8} 'isAncestor' '(Ljava/lang/ClassLoader;)Z' in 'java/lang/ClassLoader')}
  0x0000021ca7d78ca8: 49ba f0a4 | 00be 1c02 | 0000 4c89 | 5424 0848 | c704 240f 

  0x0000021ca7d78cbc: ;   {runtime_call counter_overflow Runtime1 stub}
  0x0000021ca7d78cbc: 0000 00e8 

  0x0000021ca7d78cc0: ; ImmutableOopMap {[192]=Oop [184]=Oop [208]=Oop rdx=Oop rdi=Oop [176]=Oop r8=Oop rsi=Oop }
                      ;*ifnonnull {reexecute=1 rethrow=0 return_oop=0}
                      ; - (reexecute) java.lang.ClassLoader::isAncestor@15 (line 2017)
                      ; - java.lang.ClassLoader::needsClassLoaderPermissionCheck@15 (line 2035)
                      ; - java.lang.ClassLoader::checkClassLoaderPermission@15 (line 2059)
                      ; - java.lang.Class::getClassLoader@23 (line 903)
                      ; - java.lang.invoke.MethodHandles$Lookup$ClassDefiner::defineClass@9 (line 2436)
  0x0000021ca7d78cc0: bc0a 1607 | e9c8 f8ff 

  0x0000021ca7d78cc8: ;   {runtime_call throw_null_pointer_exception Runtime1 stub}
  0x0000021ca7d78cc8: ffe8 d2b9 

  0x0000021ca7d78ccc: ; ImmutableOopMap {[192]=Oop [184]=Oop [208]=Oop rdx=Oop rdi=Oop [176]=Oop r8=Oop }
                      ;*getfield parent {reexecute=1 rethrow=0 return_oop=0}
                      ; - (reexecute) java.lang.ClassLoader::isAncestor@3 (line 2013)
                      ; - java.lang.ClassLoader::needsClassLoaderPermissionCheck@15 (line 2035)
                      ; - java.lang.ClassLoader::checkClassLoaderPermission@15 (line 2059)
                      ; - java.lang.Class::getClassLoader@23 (line 903)
                      ; - java.lang.invoke.MethodHandles$Lookup$ClassDefiner::defineClass@9 (line 2436)
                      ;   {runtime_call throw_null_pointer_exception Runtime1 stub}
  0x0000021ca7d78ccc: 1507 e8cd 

  0x0000021ca7d78cd0: ; ImmutableOopMap {[192]=Oop [184]=Oop [208]=Oop [176]=Oop rdx=Oop }
                      ;*invokevirtual checkPermission {reexecute=0 rethrow=0 return_oop=0}
                      ; - java.lang.ClassLoader::checkClassLoaderPermission@25 (line 2060)
                      ; - java.lang.Class::getClassLoader@23 (line 903)
                      ; - java.lang.invoke.MethodHandles$Lookup$ClassDefiner::defineClass@9 (line 2436)
                      ;   {runtime_call throw_null_pointer_exception Runtime1 stub}
  0x0000021ca7d78cd0: b915 07e8 

  0x0000021ca7d78cd4: ; ImmutableOopMap {[192]=Oop [208]=Oop rdi=Oop rdx=Oop [184]=Oop rsi=Oop }
                      ;*invokevirtual lookupClassProtectionDomain {reexecute=0 rethrow=0 return_oop=0}
                      ; - java.lang.invoke.MethodHandles$Lookup$ClassDefiner::defineClass@23 (line 2437)
  0x0000021ca7d78cd4: c8b9 1507 

  0x0000021ca7d78cd8: ;   {metadata({method} {0x0000021cbe37f070} 'lookupClassProtectionDomain' '()Ljava/security/ProtectionDomain;' in 'java/lang/invoke/MethodHandles$Lookup')}
  0x0000021ca7d78cd8: 49ba 68f0 | 37be 1c02 | 0000 4c89 | 5424 0848 | c704 24ff 

  0x0000021ca7d78cec: ;   {runtime_call counter_overflow Runtime1 stub}
  0x0000021ca7d78cec: ffff ffe8 

  0x0000021ca7d78cf0: ; ImmutableOopMap {[192]=Oop [208]=Oop rdi=Oop rdx=Oop [184]=Oop rsi=Oop }
                      ;*synchronization entry
                      ; - java.lang.invoke.MethodHandles$Lookup::lookupClassProtectionDomain@-1 (line 2455)
                      ; - java.lang.invoke.MethodHandles$Lookup$ClassDefiner::defineClass@23 (line 2437)
  0x0000021ca7d78cf0: 8c0a 1607 | e9f2 faff 

  0x0000021ca7d78cf8: ;   {metadata({method} {0x0000021cbe40d958} 'getJavaLangAccess' '()Ljdk/internal/access/JavaLangAccess;' in 'jdk/internal/access/SharedSecrets')}
  0x0000021ca7d78cf8: ff49 ba50 | d940 be1c | 0200 004c | 8954 2408 | 48c7 0424 | ffff ffff 

  0x0000021ca7d78d10: ;   {runtime_call counter_overflow Runtime1 stub}
  0x0000021ca7d78d10: e86b 0a16 

  0x0000021ca7d78d14: ; ImmutableOopMap {[192]=Oop [208]=Oop [184]=Oop [224]=Oop rsi=Oop }
                      ;*synchronization entry
                      ; - jdk.internal.access.SharedSecrets::getJavaLangAccess@-1 (line 122)
                      ; - java.lang.invoke.MethodHandles$Lookup::lookupClassProtectionDomain@10 (line 2457)
                      ; - java.lang.invoke.MethodHandles$Lookup$ClassDefiner::defineClass@23 (line 2437)
  0x0000021ca7d78d14: 07e9 4afb 

  0x0000021ca7d78d18: ;   {runtime_call throw_incompatible_class_change_error Runtime1 stub}
  0x0000021ca7d78d18: ffff e881 

  0x0000021ca7d78d1c: ; ImmutableOopMap {[192]=Oop [208]=Oop [184]=Oop [224]=Oop rsi=Oop rbx=Oop rax=Oop }
                      ;*invokeinterface protectionDomain {reexecute=0 rethrow=0 return_oop=0}
                      ; - java.lang.invoke.MethodHandles$Lookup::lookupClassProtectionDomain@17 (line 2457)
                      ; - java.lang.invoke.MethodHandles$Lookup$ClassDefiner::defineClass@23 (line 2437)
                      ;   {runtime_call throw_null_pointer_exception Runtime1 stub}
  0x0000021ca7d78d1c: e015 07e8 

  0x0000021ca7d78d20: ; ImmutableOopMap {[192]=Oop [208]=Oop [184]=Oop [224]=Oop rsi=Oop rbx=Oop rax=Oop }
                      ;*invokeinterface protectionDomain {reexecute=0 rethrow=0 return_oop=0}
                      ; - java.lang.invoke.MethodHandles$Lookup::lookupClassProtectionDomain@17 (line 2457)
                      ; - java.lang.invoke.MethodHandles$Lookup$ClassDefiner::defineClass@23 (line 2437)
  0x0000021ca7d78d20: 7cb9 1507 

  0x0000021ca7d78d24: ;   {metadata({method} {0x0000021cbe4082b0} 'protectionDomain' '(Ljava/lang/Class;)Ljava/security/ProtectionDomain;' in 'java/lang/System$2')}
  0x0000021ca7d78d24: 49ba a882 | 40be 1c02 | 0000 4c89 | 5424 0848 | c704 24ff 

  0x0000021ca7d78d38: ;   {runtime_call counter_overflow Runtime1 stub}
  0x0000021ca7d78d38: ffff ffe8 

  0x0000021ca7d78d3c: ; ImmutableOopMap {[192]=Oop [208]=Oop [184]=Oop [224]=Oop rsi=Oop rax=Oop }
                      ;*synchronization entry
                      ; - java.lang.System$2::protectionDomain@-1 (line 2439)
                      ; - java.lang.invoke.MethodHandles$Lookup::lookupClassProtectionDomain@17 (line 2457)
                      ; - java.lang.invoke.MethodHandles$Lookup$ClassDefiner::defineClass@23 (line 2437)
  0x0000021ca7d78d3c: 400a 1607 | e9b7 fbff 

  0x0000021ca7d78d44: ;   {runtime_call throw_null_pointer_exception Runtime1 stub}
  0x0000021ca7d78d44: ffe8 56b9 

  0x0000021ca7d78d48: ; ImmutableOopMap {[192]=Oop [208]=Oop [184]=Oop [224]=Oop rsi=Oop rax=Oop }
                      ;*invokevirtual protectionDomain {reexecute=0 rethrow=0 return_oop=0}
                      ; - java.lang.System$2::protectionDomain@1 (line 2439)
                      ; - java.lang.invoke.MethodHandles$Lookup::lookupClassProtectionDomain@17 (line 2457)
                      ; - java.lang.invoke.MethodHandles$Lookup$ClassDefiner::defineClass@23 (line 2437)
                      ;   {metadata({method} {0x0000021cbe43c720} 'protectionDomain' '()Ljava/security/ProtectionDomain;' in 'java/lang/Class')}
  0x0000021ca7d78d48: 1507 49ba | 18c7 43be | 1c02 0000 | 4c89 5424 | 0848 c704 | 24ff ffff 

  0x0000021ca7d78d60: ;   {runtime_call counter_overflow Runtime1 stub}
  0x0000021ca7d78d60: ffe8 1a0a 

  0x0000021ca7d78d64: ; ImmutableOopMap {[192]=Oop [208]=Oop [184]=Oop [224]=Oop rsi=Oop rax=Oop }
                      ;*synchronization entry
                      ; - java.lang.Class::protectionDomain@-1 (line 3012)
                      ; - java.lang.System$2::protectionDomain@1 (line 2439)
                      ; - java.lang.invoke.MethodHandles$Lookup::lookupClassProtectionDomain@17 (line 2457)
                      ; - java.lang.invoke.MethodHandles$Lookup$ClassDefiner::defineClass@23 (line 2437)
  0x0000021ca7d78d64: 1607 e9d1 

  0x0000021ca7d78d68: ;   {oop(NULL)}
  0x0000021ca7d78d68: fbff ff49 | b800 0000 | 0000 0000 | 0050 5349 | 8b58 1057 | 5652 5141 | 5041 5141 | 5241 5348 
  0x0000021ca7d78d88: 83ec 20f7 | c40f 0000 | 000f 841a | 0000 0048 

  0x0000021ca7d78d98: ;   {runtime_call}
  0x0000021ca7d78d98: 83ec 0849 | ba40 ad22 | 06fa 7f00 | 0041 ffd2 | 4883 c408 | e90d 0000 

  0x0000021ca7d78db0: ;   {runtime_call}
  0x0000021ca7d78db0: 0049 ba40 | ad22 06fa | 7f00 0041 | ffd2 4883 | c420 415b | 415a 4159 | 4158 595a | 5e5f 483b 
  0x0000021ca7d78dd0: 8338 0100 | 005b 580f | 850a 0000 | 00e9 c0fb | ffff b800 

  0x0000021ca7d78de4: ;   {runtime_call load_mirror_patching Runtime1 stub}
  0x0000021ca7d78de4: 7c72 0ae8 

  0x0000021ca7d78de8: ; ImmutableOopMap {[192]=Oop [208]=Oop [216]=Oop [224]=Oop [184]=Oop }
                      ;*getstatic allPermDomain {reexecute=1 rethrow=0 return_oop=0}
                      ; - (reexecute) java.lang.Class::protectionDomain@9 (line 3014)
                      ; - java.lang.System$2::protectionDomain@1 (line 2439)
                      ; - java.lang.invoke.MethodHandles$Lookup::lookupClassProtectionDomain@17 (line 2457)
                      ; - java.lang.invoke.MethodHandles$Lookup$ClassDefiner::defineClass@23 (line 2437)
  0x0000021ca7d78de8: 94fd 1507 | e9a7 fbff 

  0x0000021ca7d78df0: ;   {runtime_call throw_null_pointer_exception Runtime1 stub}
  0x0000021ca7d78df0: ffe8 aab8 

  0x0000021ca7d78df4: ; ImmutableOopMap {[192]=Oop [208]=Oop [216]=Oop [224]=Oop [184]=Oop r8=Oop }
                      ;*getstatic allPermDomain {reexecute=1 rethrow=0 return_oop=0}
                      ; - (reexecute) java.lang.Class::protectionDomain@9 (line 3014)
                      ; - java.lang.System$2::protectionDomain@1 (line 2439)
                      ; - java.lang.invoke.MethodHandles$Lookup::lookupClassProtectionDomain@17 (line 2457)
                      ; - java.lang.invoke.MethodHandles$Lookup$ClassDefiner::defineClass@23 (line 2437)
  0x0000021ca7d78df4: 1507 458b | 8000 0000 | 00b8 000c 

  0x0000021ca7d78e00: ;   {runtime_call access_field_patching Runtime1 stub}
  0x0000021ca7d78e00: 0507 e879 

  0x0000021ca7d78e04: ; ImmutableOopMap {[192]=Oop [208]=Oop [216]=Oop [224]=Oop [184]=Oop r8=Oop }
                      ;*getstatic allPermDomain {reexecute=1 rethrow=0 return_oop=0}
                      ; - (reexecute) java.lang.Class::protectionDomain@9 (line 3014)
                      ; - java.lang.System$2::protectionDomain@1 (line 2439)
                      ; - java.lang.invoke.MethodHandles$Lookup::lookupClassProtectionDomain@17 (line 2457)
                      ; - java.lang.invoke.MethodHandles$Lookup$ClassDefiner::defineClass@23 (line 2437)
  0x0000021ca7d78e04: f415 07e9 | 9cfb ffff | 448b 4e18 | 4983 f900 | 0f84 b4fb | ffff 4c89 

  0x0000021ca7d78e1c: ;   {runtime_call g1_pre_barrier_slow}
  0x0000021ca7d78e1c: 0c24 e85d | 0f16 07e9 | a6fb ffff | 4983 f800 | 0f84 bdfb | ffff 4889 

  0x0000021ca7d78e34: ;   {runtime_call g1_post_barrier_slow}
  0x0000021ca7d78e34: 3424 e845 | 1216 07e9 | affb ffff 

  0x0000021ca7d78e40: ;   {metadata({method} {0x0000021cbe40d958} 'getJavaLangAccess' '()Ljdk/internal/access/JavaLangAccess;' in 'jdk/internal/access/SharedSecrets')}
  0x0000021ca7d78e40: 49ba 50d9 | 40be 1c02 | 0000 4c89 | 5424 0848 | c704 24ff 

  0x0000021ca7d78e54: ;   {runtime_call counter_overflow Runtime1 stub}
  0x0000021ca7d78e54: ffff ffe8 

  0x0000021ca7d78e58: ; ImmutableOopMap {rbx=Oop rdi=Oop rdx=Oop [184]=Oop rsi=Oop [192]=Oop [208]=Oop }
                      ;*synchronization entry
                      ; - jdk.internal.access.SharedSecrets::getJavaLangAccess@-1 (line 122)
                      ; - java.lang.invoke.MethodHandles$Lookup$ClassDefiner::defineClass@32 (line 2438)
  0x0000021ca7d78e58: 2409 1607 | e910 fcff 

  0x0000021ca7d78e60: ;   {runtime_call throw_incompatible_class_change_error Runtime1 stub}
  0x0000021ca7d78e60: ffe8 3adf 

  0x0000021ca7d78e64: ; ImmutableOopMap {rbx=Oop rdi=Oop rsi=Oop [192]=Oop [208]=Oop r13=Oop rcx=Oop r14=Oop [184]=Oop }
                      ;*invokeinterface defineClass {reexecute=0 rethrow=0 return_oop=0}
                      ; - java.lang.invoke.MethodHandles$Lookup$ClassDefiner::defineClass@54 (line 2439)
                      ;   {runtime_call throw_null_pointer_exception Runtime1 stub}
  0x0000021ca7d78e64: 1507 e835 

  0x0000021ca7d78e68: ; ImmutableOopMap {rbx=Oop rdi=Oop rsi=Oop [192]=Oop [208]=Oop r13=Oop rcx=Oop r14=Oop [184]=Oop }
                      ;*invokeinterface defineClass {reexecute=0 rethrow=0 return_oop=0}
                      ; - java.lang.invoke.MethodHandles$Lookup$ClassDefiner::defineClass@54 (line 2439)
                      ;   {internal_word}
  0x0000021ca7d78e68: b815 0749 | ba3c 8bd7 | a71c 0200 | 004d 8997 | 6003 0000 

  0x0000021ca7d78e7c: ;   {runtime_call SafepointBlob}
  0x0000021ca7d78e7c: e97f eb0b | 0790 9049 | 8b87 d803 | 0000 49c7 | 87d8 0300 | 0000 0000 | 0049 c787 | e003 0000 
  0x0000021ca7d78e9c: 0000 0000 | 4881 c4f0 | 0000 005d 

  0x0000021ca7d78ea8: ;   {runtime_call unwind_exception Runtime1 stub}
  0x0000021ca7d78ea8: e9d3 a815 | 07f4 f4f4 | f4f4 f4f4 | f4f4 f4f4 | f4f4 f4f4 | f4f4 f4f4 
[Stub Code]
  0x0000021ca7d78ec0: ;   {no_reloc}
  0x0000021ca7d78ec0: 0f1f 4400 

  0x0000021ca7d78ec4: ;   {static_stub}
  0x0000021ca7d78ec4: 0048 bb00 | 0000 0000 

  0x0000021ca7d78ecc: ;   {runtime_call}
  0x0000021ca7d78ecc: 0000 00e9 | fbff ffff 

  0x0000021ca7d78ed4: ;   {static_stub}
  0x0000021ca7d78ed4: 9048 bb00 | 0000 0000 

  0x0000021ca7d78edc: ;   {runtime_call}
  0x0000021ca7d78edc: 0000 00e9 | fbff ffff 

  0x0000021ca7d78ee4: ;   {static_stub}
  0x0000021ca7d78ee4: 9048 bbb0 | c643 be1c 

  0x0000021ca7d78eec: ;   {runtime_call I2C/C2I adapters}
  0x0000021ca7d78eec: 0200 00e9 | 65ce 0b07 

  0x0000021ca7d78ef4: ;   {static_stub}
  0x0000021ca7d78ef4: 9048 bb90 | 7f40 be1c 

  0x0000021ca7d78efc: ;   {runtime_call I2C/C2I adapters}
  0x0000021ca7d78efc: 0200 00e9 | 081e 0c07 
[Exception Handler]
  0x0000021ca7d78f04: ;   {runtime_call handle_exception_from_callee Runtime1 stub}
  0x0000021ca7d78f04: e877 d515 

  0x0000021ca7d78f08: ;   {external_word}
  0x0000021ca7d78f08: 0748 b900 | fab4 06fa | 7f00 0048 

  0x0000021ca7d78f14: ;   {runtime_call}
  0x0000021ca7d78f14: 83e4 f049 | ba00 8f7d | 06fa 7f00 | 0041 ffd2 

  0x0000021ca7d78f24: ;   {section_word}
  0x0000021ca7d78f24: f449 ba25 | 8fd7 a71c | 0200 0041 

  0x0000021ca7d78f30: ;   {runtime_call DeoptimizationBlob}
  0x0000021ca7d78f30: 52e9 6add | 0b07 f4f4 
[/MachCode]


---------------  P R O C E S S  ---------------

Threads class SMR info:
_java_thread_list=0x0000021c84e140b0, length=33, elements={
0x0000021c9fd38680, 0x0000021cbd95be80, 0x0000021cbd95c820, 0x0000021cbd96bf80,
0x0000021cbd96f5e0, 0x0000021cbd96fcd0, 0x0000021cbd971170, 0x0000021cbd97b650,
0x0000021cbd97f050, 0x0000021cbd980120, 0x0000021cbdba0e60, 0x0000021cbdc58e90,
0x0000021c857e2810, 0x0000021c84836f30, 0x0000021c849df020, 0x0000021c8474c7e0,
0x0000021c849d51f0, 0x0000021cff6033d0, 0x0000021cff6029b0, 0x0000021cff6038e0,
0x0000021cff601f90, 0x0000021cff600640, 0x0000021cff601570, 0x0000021cff603df0,
0x0000021cff601060, 0x0000021cff602ec0, 0x0000021cff600b50, 0x0000021cff601a80,
0x0000021c84c614d0, 0x0000021c84c5b4a0, 0x0000021c84c5ec50, 0x0000021c84c60fc0,
0x0000021c84c5fb80
}

Java Threads: ( => current thread )
  0x0000021c9fd38680 JavaThread "main" [_thread_blocked, id=10168, stack(0x0000002005000000,0x0000002005100000)]
  0x0000021cbd95be80 JavaThread "Reference Handler" daemon [_thread_blocked, id=22152, stack(0x0000002005700000,0x0000002005800000)]
  0x0000021cbd95c820 JavaThread "Finalizer" daemon [_thread_blocked, id=12504, stack(0x0000002005800000,0x0000002005900000)]
  0x0000021cbd96bf80 JavaThread "Signal Dispatcher" daemon [_thread_blocked, id=22372, stack(0x0000002005900000,0x0000002005a00000)]
  0x0000021cbd96f5e0 JavaThread "Attach Listener" daemon [_thread_blocked, id=23208, stack(0x0000002005a00000,0x0000002005b00000)]
  0x0000021cbd96fcd0 JavaThread "Service Thread" daemon [_thread_blocked, id=18288, stack(0x0000002005b00000,0x0000002005c00000)]
  0x0000021cbd971170 JavaThread "Monitor Deflation Thread" daemon [_thread_blocked, id=16412, stack(0x0000002005c00000,0x0000002005d00000)]
  0x0000021cbd97b650 JavaThread "C2 CompilerThread0" daemon [_thread_blocked, id=15428, stack(0x0000002005d00000,0x0000002005e00000)]
  0x0000021cbd97f050 JavaThread "C1 CompilerThread0" daemon [_thread_blocked, id=8508, stack(0x0000002005e00000,0x0000002005f00000)]
  0x0000021cbd980120 JavaThread "Sweeper thread" daemon [_thread_blocked, id=11664, stack(0x0000002005f00000,0x0000002006000000)]
  0x0000021cbdba0e60 JavaThread "Common-Cleaner" daemon [_thread_blocked, id=11844, stack(0x0000002006000000,0x0000002006100000)]
  0x0000021cbdc58e90 JavaThread "Notification Thread" daemon [_thread_blocked, id=16584, stack(0x0000002006100000,0x0000002006200000)]
  0x0000021c857e2810 JavaThread "Daemon health stats" [_thread_blocked, id=19760, stack(0x0000002004e00000,0x0000002004f00000)]
  0x0000021c84836f30 JavaThread "Incoming local TCP Connector on port 58075" [_thread_in_native, id=13296, stack(0x0000002004f00000,0x0000002005000000)]
  0x0000021c849df020 JavaThread "Daemon periodic checks" [_thread_blocked, id=7096, stack(0x0000002006700000,0x0000002006800000)]
  0x0000021c8474c7e0 JavaThread "Daemon" [_thread_blocked, id=4188, stack(0x0000002006800000,0x0000002006900000)]
  0x0000021c849d51f0 JavaThread "Handler for socket connection from /127.0.0.1:58075 to /127.0.0.1:58076" [_thread_in_native, id=10056, stack(0x0000002006900000,0x0000002006a00000)]
  0x0000021cff6033d0 JavaThread "Cancel handler" [_thread_blocked, id=7660, stack(0x0000002006a00000,0x0000002006b00000)]
=>0x0000021cff6029b0 JavaThread "Daemon worker" [_thread_in_vm, id=7836, stack(0x0000002006b00000,0x0000002006c00000)]
  0x0000021cff6038e0 JavaThread "Asynchronous log dispatcher for DefaultDaemonConnection: socket connection from /127.0.0.1:58075 to /127.0.0.1:58076" [_thread_blocked, id=776, stack(0x0000002006c00000,0x0000002006d00000)]
  0x0000021cff601f90 JavaThread "Stdin handler" [_thread_blocked, id=15412, stack(0x0000002006d00000,0x0000002006e00000)]
  0x0000021cff600640 JavaThread "Daemon client event forwarder" [_thread_blocked, id=21144, stack(0x0000002006e00000,0x0000002006f00000)]
  0x0000021cff601570 JavaThread "Cache worker for journal cache (C:\Users\user\.gradle\caches\journal-1)" [_thread_blocked, id=7572, stack(0x0000002006f00000,0x0000002007000000)]
  0x0000021cff603df0 JavaThread "File lock request listener" [_thread_in_native, id=15492, stack(0x0000002007000000,0x0000002007100000)]
  0x0000021cff601060 JavaThread "Cache worker for file hash cache (C:\Users\user\.gradle\caches\8.7\fileHashes)" [_thread_blocked, id=11340, stack(0x0000002007100000,0x0000002007200000)]
  0x0000021cff602ec0 JavaThread "File lock release action executor" [_thread_blocked, id=12856, stack(0x0000002007200000,0x0000002007300000)]
  0x0000021cff600b50 JavaThread "Cache worker for file hash cache (C:\Users\user\.copilot\repos\AndroidSA\.gradle\8.7\fileHashes)" [_thread_blocked, id=12744, stack(0x0000002007300000,0x0000002007400000)]
  0x0000021cff601a80 JavaThread "File watcher server" daemon [_thread_in_native, id=14480, stack(0x0000002007600000,0x0000002007700000)]
  0x0000021c84c614d0 JavaThread "File watcher consumer" daemon [_thread_blocked, id=14820, stack(0x0000002007700000,0x0000002007800000)]
  0x0000021c84c5b4a0 JavaThread "Cache worker for checksums cache (C:\Users\user\.copilot\repos\AndroidSA\.gradle\8.7\checksums)" [_thread_blocked, id=23416, stack(0x0000002007800000,0x0000002007900000)]
  0x0000021c84c5ec50 JavaThread "Cache worker for cache directory md-supplier (C:\Users\user\.gradle\caches\8.7\md-supplier)" [_thread_blocked, id=8612, stack(0x0000002007900000,0x0000002007a00000)]
  0x0000021c84c60fc0 JavaThread "Cache worker for cache directory md-rule (C:\Users\user\.gradle\caches\8.7\md-rule)" [_thread_blocked, id=21880, stack(0x0000002007a00000,0x0000002007b00000)]
  0x0000021c84c5fb80 JavaThread "Cache worker for file content cache (C:\Users\user\.gradle\caches\8.7\fileContent)" [_thread_blocked, id=19284, stack(0x0000002007b00000,0x0000002007c00000)]

Other Threads:
  0x0000021cbd955860 VMThread "VM Thread" [stack: 0x0000002005600000,0x0000002005700000] [id=16880] _threads_hazard_ptr=0x0000021c84e140b0
  0x0000021cbdcafde0 WatcherThread [stack: 0x0000002006200000,0x0000002006300000] [id=21100]
  0x0000021c9fd929f0 GCTaskThread "GC Thread#0" [stack: 0x0000002005100000,0x0000002005200000] [id=10708]
  0x0000021cff23daf0 GCTaskThread "GC Thread#1" [stack: 0x0000002006300000,0x0000002006400000] [id=12228]
  0x0000021cff2251c0 GCTaskThread "GC Thread#2" [stack: 0x0000002006400000,0x0000002006500000] [id=21140]
  0x0000021cbdc2fc80 GCTaskThread "GC Thread#3" [stack: 0x0000002006500000,0x0000002006600000] [id=18004]
  0x0000021c9fda3850 ConcurrentGCThread "G1 Main Marker" [stack: 0x0000002005200000,0x0000002005300000] [id=14748]
  0x0000021c9fda4180 ConcurrentGCThread "G1 Conc#0" [stack: 0x0000002005300000,0x0000002005400000] [id=1976]
  0x0000021c9fde7730 ConcurrentGCThread "G1 Refine#0" [stack: 0x0000002005400000,0x0000002005500000] [id=20724]
  0x0000021cbd812320 ConcurrentGCThread "G1 Service" [stack: 0x0000002005500000,0x0000002005600000] [id=8708]

Threads with active compile tasks:

VM state: synchronizing (normal execution)

VM Mutex/Monitor currently owned by a thread:  ([mutex/lock_event])
[0x0000021c9fd35490] Metaspace_lock - owner thread: 0x0000021cff6029b0
[0x0000021c9fd34dd0] Threads_lock - owner thread: 0x0000021cbd955860

Heap address: 0x0000000080000000, size: 2048 MB, Compressed Oops mode: 32-bit

CDS archive(s) mapped at: [0x0000021cbe000000-0x0000021cbebb0000-0x0000021cbebb0000), size 12255232, SharedBaseAddress: 0x0000021cbe000000, ArchiveRelocationMode: 1.
Compressed class space mapped at: 0x0000021cbf000000-0x0000021cff000000, reserved size: 1073741824
Narrow klass base: 0x0000021cbe000000, Narrow klass shift: 0, Narrow klass range: 0x100000000

GC Precious Log:
 CPUs: 4 total, 4 available
 Memory: 7851M
 Large Page Support: Disabled
 NUMA Support: Disabled
 Compressed Oops: Enabled (32-bit)
 Heap Region Size: 1M
 Heap Min Capacity: 8M
 Heap Initial Capacity: 124M
 Heap Max Capacity: 2G
 Pre-touch: Disabled
 Parallel Workers: 4
 Concurrent Workers: 1
 Concurrent Refinement Workers: 4
 Periodic GC: Disabled

Heap:
 garbage-first heap   total 81920K, used 32547K [0x0000000080000000, 0x0000000100000000)
  region size 1024K, 6 young (6144K), 2 survivors (2048K)
 Metaspace       used 35801K, committed 36224K, reserved 1114112K
  class space    used 5112K, committed 5312K, reserved 1048576K

Heap Regions: E=young(eden), S=young(survivor), O=old, HS=humongous(starts), HC=humongous(continues), CS=collection set, F=free, OA=open archive, CA=closed archive, TAMS=top-at-mark-start (previous, next)
|   0|0x0000000080000000, 0x0000000080100000, 0x0000000080100000|100%| O|  |TAMS 0x0000000080100000, 0x0000000080000000| Untracked 
|   1|0x0000000080100000, 0x0000000080200000, 0x0000000080200000|100%| O|  |TAMS 0x0000000080200000, 0x0000000080100000| Untracked 
|   2|0x0000000080200000, 0x0000000080300000, 0x0000000080300000|100%|HS|  |TAMS 0x0000000080300000, 0x0000000080200000| Complete 
|   3|0x0000000080300000, 0x0000000080400000, 0x0000000080400000|100%|HC|  |TAMS 0x0000000080400000, 0x0000000080300000| Complete 
|   4|0x0000000080400000, 0x0000000080500000, 0x0000000080500000|100%|HC|  |TAMS 0x0000000080500000, 0x0000000080400000| Complete 
|   5|0x0000000080500000, 0x0000000080600000, 0x0000000080600000|100%|HC|  |TAMS 0x0000000080600000, 0x0000000080500000| Complete 
|   6|0x0000000080600000, 0x0000000080700000, 0x0000000080700000|100%| O|  |TAMS 0x0000000080700000, 0x0000000080600000| Untracked 
|   7|0x0000000080700000, 0x0000000080800000, 0x0000000080800000|100%| O|  |TAMS 0x0000000080800000, 0x0000000080700000| Untracked 
|   8|0x0000000080800000, 0x0000000080900000, 0x0000000080900000|100%| O|  |TAMS 0x0000000080900000, 0x0000000080800000| Untracked 
|   9|0x0000000080900000, 0x0000000080a00000, 0x0000000080a00000|100%| O|  |TAMS 0x0000000080a00000, 0x0000000080900000| Untracked 
|  10|0x0000000080a00000, 0x0000000080b00000, 0x0000000080b00000|100%| O|  |TAMS 0x0000000080b00000, 0x0000000080a00000| Untracked 
|  11|0x0000000080b00000, 0x0000000080c00000, 0x0000000080c00000|100%| O|  |TAMS 0x0000000080c00000, 0x0000000080b00000| Untracked 
|  12|0x0000000080c00000, 0x0000000080d00000, 0x0000000080d00000|100%| O|  |TAMS 0x0000000080d00000, 0x0000000080c00000| Untracked 
|  13|0x0000000080d00000, 0x0000000080e00000, 0x0000000080e00000|100%| O|  |TAMS 0x0000000080e00000, 0x0000000080d00000| Untracked 
|  14|0x0000000080e00000, 0x0000000080f00000, 0x0000000080f00000|100%| O|  |TAMS 0x0000000080f00000, 0x0000000080e00000| Untracked 
|  15|0x0000000080f00000, 0x0000000081000000, 0x0000000081000000|100%| O|  |TAMS 0x0000000081000000, 0x0000000080f00000| Untracked 
|  16|0x0000000081000000, 0x0000000081100000, 0x0000000081100000|100%| O|  |TAMS 0x0000000081100000, 0x0000000081000000| Untracked 
|  17|0x0000000081100000, 0x0000000081200000, 0x0000000081200000|100%| O|  |TAMS 0x0000000081200000, 0x0000000081100000| Untracked 
|  18|0x0000000081200000, 0x0000000081300000, 0x0000000081300000|100%| O|  |TAMS 0x0000000081300000, 0x0000000081200000| Untracked 
|  19|0x0000000081300000, 0x0000000081400000, 0x0000000081400000|100%| O|  |TAMS 0x0000000081400000, 0x0000000081300000| Untracked 
|  20|0x0000000081400000, 0x0000000081500000, 0x0000000081500000|100%| O|  |TAMS 0x0000000081500000, 0x0000000081400000| Untracked 
|  21|0x0000000081500000, 0x0000000081600000, 0x0000000081600000|100%| O|  |TAMS 0x0000000081600000, 0x0000000081500000| Untracked 
|  22|0x0000000081600000, 0x0000000081700000, 0x0000000081700000|100%| O|  |TAMS 0x0000000081700000, 0x0000000081600000| Untracked 
|  23|0x0000000081700000, 0x0000000081800000, 0x0000000081800000|100%| O|  |TAMS 0x0000000081800000, 0x0000000081700000| Untracked 
|  24|0x0000000081800000, 0x0000000081900000, 0x0000000081900000|100%| O|  |TAMS 0x0000000081900000, 0x0000000081800000| Untracked 
|  25|0x0000000081900000, 0x0000000081a00000, 0x0000000081a00000|100%| O|  |TAMS 0x0000000081a00000, 0x0000000081900000| Untracked 
|  26|0x0000000081a00000, 0x0000000081b00000, 0x0000000081b00000|100%| O|  |TAMS 0x0000000081b00000, 0x0000000081a00000| Untracked 
|  27|0x0000000081b00000, 0x0000000081b2ea00, 0x0000000081c00000| 18%| O|  |TAMS 0x0000000081b2ea00, 0x0000000081b00000| Untracked 
|  28|0x0000000081c00000, 0x0000000081c00000, 0x0000000081d00000|  0%| F|  |TAMS 0x0000000081c00000, 0x0000000081c00000| Untracked 
|  29|0x0000000081d00000, 0x0000000081d00000, 0x0000000081e00000|  0%| F|  |TAMS 0x0000000081d00000, 0x0000000081d00000| Untracked 
|  30|0x0000000081e00000, 0x0000000081e00000, 0x0000000081f00000|  0%| F|  |TAMS 0x0000000081e00000, 0x0000000081e00000| Untracked 
|  31|0x0000000081f00000, 0x0000000081f00000, 0x0000000082000000|  0%| F|  |TAMS 0x0000000081f00000, 0x0000000081f00000| Untracked 
|  32|0x0000000082000000, 0x0000000082000000, 0x0000000082100000|  0%| F|  |TAMS 0x0000000082000000, 0x0000000082000000| Untracked 
|  33|0x0000000082100000, 0x0000000082100000, 0x0000000082200000|  0%| F|  |TAMS 0x0000000082100000, 0x0000000082100000| Untracked 
|  34|0x0000000082200000, 0x0000000082200000, 0x0000000082300000|  0%| F|  |TAMS 0x0000000082200000, 0x0000000082200000| Untracked 
|  35|0x0000000082300000, 0x0000000082300000, 0x0000000082400000|  0%| F|  |TAMS 0x0000000082300000, 0x0000000082300000| Untracked 
|  36|0x0000000082400000, 0x0000000082400000, 0x0000000082500000|  0%| F|  |TAMS 0x0000000082400000, 0x0000000082400000| Untracked 
|  37|0x0000000082500000, 0x0000000082500000, 0x0000000082600000|  0%| F|  |TAMS 0x0000000082500000, 0x0000000082500000| Untracked 
|  38|0x0000000082600000, 0x0000000082600000, 0x0000000082700000|  0%| F|  |TAMS 0x0000000082600000, 0x0000000082600000| Untracked 
|  39|0x0000000082700000, 0x0000000082700000, 0x0000000082800000|  0%| F|  |TAMS 0x0000000082700000, 0x0000000082700000| Untracked 
|  40|0x0000000082800000, 0x0000000082800000, 0x0000000082900000|  0%| F|  |TAMS 0x0000000082800000, 0x0000000082800000| Untracked 
|  41|0x0000000082900000, 0x0000000082900000, 0x0000000082a00000|  0%| F|  |TAMS 0x0000000082900000, 0x0000000082900000| Untracked 
|  42|0x0000000082a00000, 0x0000000082a00000, 0x0000000082b00000|  0%| F|  |TAMS 0x0000000082a00000, 0x0000000082a00000| Untracked 
|  43|0x0000000082b00000, 0x0000000082b00000, 0x0000000082c00000|  0%| F|  |TAMS 0x0000000082b00000, 0x0000000082b00000| Untracked 
|  44|0x0000000082c00000, 0x0000000082c00000, 0x0000000082d00000|  0%| F|  |TAMS 0x0000000082c00000, 0x0000000082c00000| Untracked 
|  45|0x0000000082d00000, 0x0000000082d00000, 0x0000000082e00000|  0%| F|  |TAMS 0x0000000082d00000, 0x0000000082d00000| Untracked 
|  46|0x0000000082e00000, 0x0000000082e00000, 0x0000000082f00000|  0%| F|  |TAMS 0x0000000082e00000, 0x0000000082e00000| Untracked 
|  47|0x0000000082f00000, 0x0000000082f00000, 0x0000000083000000|  0%| F|  |TAMS 0x0000000082f00000, 0x0000000082f00000| Untracked 
|  48|0x0000000083000000, 0x0000000083000000, 0x0000000083100000|  0%| F|  |TAMS 0x0000000083000000, 0x0000000083000000| Untracked 
|  49|0x0000000083100000, 0x0000000083100000, 0x0000000083200000|  0%| F|  |TAMS 0x0000000083100000, 0x0000000083100000| Untracked 
|  50|0x0000000083200000, 0x0000000083200000, 0x0000000083300000|  0%| F|  |TAMS 0x0000000083200000, 0x0000000083200000| Untracked 
|  51|0x0000000083300000, 0x0000000083300000, 0x0000000083400000|  0%| F|  |TAMS 0x0000000083300000, 0x0000000083300000| Untracked 
|  52|0x0000000083400000, 0x0000000083400000, 0x0000000083500000|  0%| F|  |TAMS 0x0000000083400000, 0x0000000083400000| Untracked 
|  53|0x0000000083500000, 0x0000000083500000, 0x0000000083600000|  0%| F|  |TAMS 0x0000000083500000, 0x0000000083500000| Untracked 
|  54|0x0000000083600000, 0x0000000083600000, 0x0000000083700000|  0%| F|  |TAMS 0x0000000083600000, 0x0000000083600000| Untracked 
|  55|0x0000000083700000, 0x0000000083700000, 0x0000000083800000|  0%| F|  |TAMS 0x0000000083700000, 0x0000000083700000| Untracked 
|  56|0x0000000083800000, 0x0000000083800000, 0x0000000083900000|  0%| F|  |TAMS 0x0000000083800000, 0x0000000083800000| Untracked 
|  57|0x0000000083900000, 0x0000000083900000, 0x0000000083a00000|  0%| F|  |TAMS 0x0000000083900000, 0x0000000083900000| Untracked 
|  58|0x0000000083a00000, 0x0000000083a00000, 0x0000000083b00000|  0%| F|  |TAMS 0x0000000083a00000, 0x0000000083a00000| Untracked 
|  59|0x0000000083b00000, 0x0000000083b00000, 0x0000000083c00000|  0%| F|  |TAMS 0x0000000083b00000, 0x0000000083b00000| Untracked 
|  60|0x0000000083c00000, 0x0000000083c00000, 0x0000000083d00000|  0%| F|  |TAMS 0x0000000083c00000, 0x0000000083c00000| Untracked 
|  61|0x0000000083d00000, 0x0000000083d00000, 0x0000000083e00000|  0%| F|  |TAMS 0x0000000083d00000, 0x0000000083d00000| Untracked 
|  62|0x0000000083e00000, 0x0000000083e00000, 0x0000000083f00000|  0%| F|  |TAMS 0x0000000083e00000, 0x0000000083e00000| Untracked 
|  63|0x0000000083f00000, 0x0000000083f00000, 0x0000000084000000|  0%| F|  |TAMS 0x0000000083f00000, 0x0000000083f00000| Untracked 
|  64|0x0000000084000000, 0x0000000084000000, 0x0000000084100000|  0%| F|  |TAMS 0x0000000084000000, 0x0000000084000000| Untracked 
|  65|0x0000000084100000, 0x0000000084100000, 0x0000000084200000|  0%| F|  |TAMS 0x0000000084100000, 0x0000000084100000| Untracked 
|  66|0x0000000084200000, 0x0000000084200000, 0x0000000084300000|  0%| F|  |TAMS 0x0000000084200000, 0x0000000084200000| Untracked 
|  67|0x0000000084300000, 0x0000000084300000, 0x0000000084400000|  0%| F|  |TAMS 0x0000000084300000, 0x0000000084300000| Untracked 
|  68|0x0000000084400000, 0x0000000084400000, 0x0000000084500000|  0%| F|  |TAMS 0x0000000084400000, 0x0000000084400000| Untracked 
|  69|0x0000000084500000, 0x0000000084500000, 0x0000000084600000|  0%| F|  |TAMS 0x0000000084500000, 0x0000000084500000| Untracked 
|  70|0x0000000084600000, 0x000000008469a5b0, 0x0000000084700000| 60%| S|CS|TAMS 0x0000000084600000, 0x0000000084600000| Complete 
|  71|0x0000000084700000, 0x0000000084800000, 0x0000000084800000|100%| S|CS|TAMS 0x0000000084700000, 0x0000000084700000| Complete 
|  72|0x0000000084800000, 0x0000000084800000, 0x0000000084900000|  0%| F|  |TAMS 0x0000000084800000, 0x0000000084800000| Untracked 
|  73|0x0000000084900000, 0x0000000084900000, 0x0000000084a00000|  0%| F|  |TAMS 0x0000000084900000, 0x0000000084900000| Untracked 
|  74|0x0000000084a00000, 0x0000000084a00000, 0x0000000084b00000|  0%| F|  |TAMS 0x0000000084a00000, 0x0000000084a00000| Untracked 
|  75|0x0000000084b00000, 0x0000000084b00000, 0x0000000084c00000|  0%| F|  |TAMS 0x0000000084b00000, 0x0000000084b00000| Untracked 
|  78|0x0000000084e00000, 0x0000000084e06bc0, 0x0000000084f00000|  2%| E|  |TAMS 0x0000000084e00000, 0x0000000084e00000| Complete 
|  79|0x0000000084f00000, 0x0000000085000000, 0x0000000085000000|100%| E|CS|TAMS 0x0000000084f00000, 0x0000000084f00000| Complete 
|  80|0x0000000085000000, 0x0000000085100000, 0x0000000085100000|100%| E|CS|TAMS 0x0000000085000000, 0x0000000085000000| Complete 
| 123|0x0000000087b00000, 0x0000000087c00000, 0x0000000087c00000|100%| E|CS|TAMS 0x0000000087b00000, 0x0000000087b00000| Complete 

Card table byte_map: [0x0000021cb6cb0000,0x0000021cb70b0000] _byte_map_base: 0x0000021cb68b0000

Marking Bits (Prev, Next): (CMBitMap*) 0x0000021c9fd92f20, (CMBitMap*) 0x0000021c9fd92f60
 Prev Bits: [0x0000021cb74b0000, 0x0000021cb94b0000)
 Next Bits: [0x0000021cb94b0000, 0x0000021cbb4b0000)

Polling page: 0x0000021c9dc00000

Metaspace:

Usage:
  Non-class:     29.97 MB used.
      Class:      4.99 MB used.
       Both:     34.96 MB used.

Virtual space:
  Non-class space:       64.00 MB reserved,      30.19 MB ( 47%) committed,  1 nodes.
      Class space:        1.00 GB reserved,       5.19 MB ( <1%) committed,  1 nodes.
             Both:        1.06 GB reserved,      35.38 MB (  3%) committed. 

Chunk freelists:
   Non-Class:  1.23 MB
       Class:  10.84 MB
        Both:  12.08 MB

MaxMetaspaceSize: unlimited
CompressedClassSpaceSize: 1.00 GB
Initial GC threshold: 21.00 MB
Current GC threshold: 58.69 MB
CDS: on
MetaspaceReclaimPolicy: balanced
 - commit_granule_bytes: 65536.
 - commit_granule_words: 8192.
 - virtual_space_node_default_size: 8388608.
 - enlarge_chunks_in_place: 1.
 - new_chunks_are_fully_committed: 0.
 - uncommit_free_chunks: 1.
 - use_allocation_guard: 0.
 - handle_deallocations: 1.


Internal statistics:

num_allocs_failed_limit: 6.
num_arena_births: 466.
num_arena_deaths: 0.
num_vsnodes_births: 2.
num_vsnodes_deaths: 0.
num_space_committed: 566.
num_space_uncommitted: 0.
num_chunks_returned_to_freelist: 6.
num_chunks_taken_from_freelist: 1843.
num_chunk_merges: 6.
num_chunk_splits: 1207.
num_chunks_enlarged: 805.
num_inconsistent_stats: 0.

CodeHeap 'non-profiled nmethods': size=120000Kb used=2516Kb max_used=2516Kb free=117483Kb
 bounds [0x0000021caf380000, 0x0000021caf600000, 0x0000021cb68b0000]
CodeHeap 'profiled nmethods': size=120000Kb used=8809Kb max_used=8809Kb free=111190Kb
 bounds [0x0000021ca78b0000, 0x0000021ca8150000, 0x0000021caede0000]
CodeHeap 'non-nmethods': size=5760Kb used=1601Kb max_used=1636Kb free=4158Kb
 bounds [0x0000021caede0000, 0x0000021caf050000, 0x0000021caf380000]
 total_blobs=4964 nmethods=4298 adapters=578
 compilation: enabled
              stopped_count=0, restarted_count=0
 full_count=0

Compilation events (20 events):
Event: 154.001 Thread 0x0000021cbd97b650 4291       4       jdk.internal.org.objectweb.asm.Type::getArgumentsAndReturnSizes (140 bytes)
Event: 154.002 Thread 0x0000021cbd97f050 4292       3       org.gradle.cache.internal.DefaultCrossBuildInMemoryCacheFactory$DefaultClassMap::getCacheScope (34 bytes)
Event: 154.002 Thread 0x0000021cbd97f050 nmethod 4292 0x0000021ca8145a10 code [0x0000021ca8145ca0, 0x0000021ca8146c88]
Event: 154.004 Thread 0x0000021cbd97f050 4293       3       sun.reflect.generics.parser.SignatureParser::parseFormalParameters (49 bytes)
Event: 154.005 Thread 0x0000021cbd97f050 nmethod 4293 0x0000021ca8147110 code [0x0000021ca8147320, 0x0000021ca8147628]
Event: 154.005 Thread 0x0000021cbd97f050 4294       3       sun.reflect.generics.parser.SignatureParser::parseReturnType (22 bytes)
Event: 154.005 Thread 0x0000021cbd97f050 nmethod 4294 0x0000021ca8147790 code [0x0000021ca8147960, 0x0000021ca8147bc8]
Event: 154.005 Thread 0x0000021cbd97f050 4295       3       sun.reflect.generics.parser.SignatureParser::parseZeroOrMoreThrowsSignatures (51 bytes)
Event: 154.005 Thread 0x0000021cbd97f050 nmethod 4295 0x0000021ca8147d10 code [0x0000021ca8147f40, 0x0000021ca81487e8]
Event: 154.005 Thread 0x0000021cbd97f050 4296       3       sun.reflect.generics.tree.MethodTypeSignature::make (12 bytes)
Event: 154.006 Thread 0x0000021cbd97f050 nmethod 4296 0x0000021ca8148b10 code [0x0000021ca8148cc0, 0x0000021ca8149038]
Event: 154.006 Thread 0x0000021cbd97f050 4297       3       org.objectweb.asm.SymbolTable::hash (23 bytes)
Event: 154.006 Thread 0x0000021cbd97f050 nmethod 4297 0x0000021ca8149190 code [0x0000021ca8149360, 0x0000021ca8149548]
Event: 154.006 Thread 0x0000021cbd97f050 4298       3       org.objectweb.asm.Handle::hashCode (43 bytes)
Event: 154.006 Thread 0x0000021cbd97f050 nmethod 4298 0x0000021ca8149710 code [0x0000021ca81498e0, 0x0000021ca8149b28]
Event: 154.011 Thread 0x0000021cbd97b650 nmethod 4291 0x0000021caf5f4490 code [0x0000021caf5f4680, 0x0000021caf5f4d70]
Event: 154.017 Thread 0x0000021cbd97f050 4299       3       org.gradle.model.internal.asm.MethodVisitorScope::_INVOKESPECIAL (11 bytes)
Event: 154.017 Thread 0x0000021cbd97f050 nmethod 4299 0x0000021ca8149c90 code [0x0000021ca8149e60, 0x0000021ca814a0f8]
Event: 154.017 Thread 0x0000021cbd97f050 4300       3       org.gradle.model.internal.asm.MethodVisitorScope::_INVOKESPECIAL (9 bytes)
Event: 154.017 Thread 0x0000021cbd97f050 nmethod 4300 0x0000021ca814a290 code [0x0000021ca814a440, 0x0000021ca814a608]

GC Heap History (20 events):
Event: 19.515 GC heap before
{Heap before GC invocations=0 (full 0):
 garbage-first heap   total 126976K, used 12288K [0x0000000080000000, 0x0000000100000000)
  region size 1024K, 13 young (13312K), 0 survivors (0K)
 Metaspace       used 1020K, committed 1152K, reserved 1114112K
  class space    used 75K, committed 128K, reserved 1048576K
}
Event: 19.521 GC heap after
{Heap after GC invocations=1 (full 0):
 garbage-first heap   total 126976K, used 3328K [0x0000000080000000, 0x0000000100000000)
  region size 1024K, 2 young (2048K), 2 survivors (2048K)
 Metaspace       used 1020K, committed 1152K, reserved 1114112K
  class space    used 75K, committed 128K, reserved 1048576K
}
Event: 54.687 GC heap before
{Heap before GC invocations=1 (full 0):
 garbage-first heap   total 126976K, used 22784K [0x0000000080000000, 0x0000000100000000)
  region size 1024K, 18 young (18432K), 2 survivors (2048K)
 Metaspace       used 3906K, committed 4032K, reserved 1114112K
  class space    used 488K, committed 576K, reserved 1048576K
}
Event: 54.703 GC heap after
{Heap after GC invocations=2 (full 0):
 garbage-first heap   total 126976K, used 10630K [0x0000000080000000, 0x0000000100000000)
  region size 1024K, 3 young (3072K), 3 survivors (3072K)
 Metaspace       used 3906K, committed 4032K, reserved 1114112K
  class space    used 488K, committed 576K, reserved 1048576K
}
Event: 66.271 GC heap before
{Heap before GC invocations=2 (full 0):
 garbage-first heap   total 126976K, used 31110K [0x0000000080000000, 0x0000000100000000)
  region size 1024K, 24 young (24576K), 3 survivors (3072K)
 Metaspace       used 4017K, committed 4224K, reserved 1114112K
  class space    used 491K, committed 576K, reserved 1048576K
}
Event: 66.275 GC heap after
{Heap after GC invocations=3 (full 0):
 garbage-first heap   total 126976K, used 11205K [0x0000000080000000, 0x0000000100000000)
  region size 1024K, 1 young (1024K), 1 survivors (1024K)
 Metaspace       used 4017K, committed 4224K, reserved 1114112K
  class space    used 491K, committed 576K, reserved 1048576K
}
Event: 111.129 GC heap before
{Heap before GC invocations=3 (full 0):
 garbage-first heap   total 126976K, used 85957K [0x0000000080000000, 0x0000000100000000)
  region size 1024K, 74 young (75776K), 1 survivors (1024K)
 Metaspace       used 15567K, committed 15872K, reserved 1114112K
  class space    used 2167K, committed 2304K, reserved 1048576K
}
Event: 111.140 GC heap after
{Heap after GC invocations=4 (full 0):
 garbage-first heap   total 126976K, used 20176K [0x0000000080000000, 0x0000000100000000)
  region size 1024K, 10 young (10240K), 10 survivors (10240K)
 Metaspace       used 15567K, committed 15872K, reserved 1114112K
  class space    used 2167K, committed 2304K, reserved 1048576K
}
Event: 124.570 GC heap before
{Heap before GC invocations=4 (full 0):
 garbage-first heap   total 126976K, used 62160K [0x0000000080000000, 0x0000000100000000)
  region size 1024K, 53 young (54272K), 10 survivors (10240K)
 Metaspace       used 21170K, committed 21504K, reserved 1114112K
  class space    used 3079K, committed 3264K, reserved 1048576K
}
Event: 124.593 GC heap after
{Heap after GC invocations=5 (full 0):
 garbage-first heap   total 126976K, used 22784K [0x0000000080000000, 0x0000000100000000)
  region size 1024K, 3 young (3072K), 3 survivors (3072K)
 Metaspace       used 21170K, committed 21504K, reserved 1114112K
  class space    used 3079K, committed 3264K, reserved 1048576K
}
Event: 136.463 GC heap before
{Heap before GC invocations=6 (full 0):
 garbage-first heap   total 81920K, used 68864K [0x0000000080000000, 0x0000000100000000)
  region size 1024K, 48 young (49152K), 3 survivors (3072K)
 Metaspace       used 26907K, committed 27200K, reserved 1114112K
  class space    used 3947K, committed 4096K, reserved 1048576K
}
Event: 136.474 GC heap after
{Heap after GC invocations=7 (full 0):
 garbage-first heap   total 81920K, used 24947K [0x0000000080000000, 0x0000000100000000)
  region size 1024K, 5 young (5120K), 5 survivors (5120K)
 Metaspace       used 26907K, committed 27200K, reserved 1114112K
  class space    used 3947K, committed 4096K, reserved 1048576K
}
Event: 136.657 GC heap before
{Heap before GC invocations=7 (full 0):
 garbage-first heap   total 81920K, used 25971K [0x0000000080000000, 0x0000000100000000)
  region size 1024K, 6 young (6144K), 5 survivors (5120K)
 Metaspace       used 27260K, committed 27584K, reserved 1114112K
  class space    used 3954K, committed 4096K, reserved 1048576K
}
Event: 136.669 GC heap after
{Heap after GC invocations=8 (full 0):
 garbage-first heap   total 81920K, used 25179K [0x0000000080000000, 0x0000000100000000)
  region size 1024K, 1 young (1024K), 1 survivors (1024K)
 Metaspace       used 27260K, committed 27584K, reserved 1114112K
  class space    used 3954K, committed 4096K, reserved 1048576K
}
Event: 141.808 GC heap before
{Heap before GC invocations=8 (full 0):
 garbage-first heap   total 81920K, used 61019K [0x0000000080000000, 0x0000000100000000)
  region size 1024K, 37 young (37888K), 1 survivors (1024K)
 Metaspace       used 31955K, committed 32384K, reserved 1114112K
  class space    used 4474K, committed 4672K, reserved 1048576K
}
Event: 141.837 GC heap after
{Heap after GC invocations=9 (full 0):
 garbage-first heap   total 81920K, used 28393K [0x0000000080000000, 0x0000000100000000)
  region size 1024K, 4 young (4096K), 4 survivors (4096K)
 Metaspace       used 31955K, committed 32384K, reserved 1114112K
  class space    used 4474K, committed 4672K, reserved 1048576K
}
Event: 152.582 GC heap before
{Heap before GC invocations=9 (full 0):
 garbage-first heap   total 81920K, used 63209K [0x0000000080000000, 0x0000000100000000)
  region size 1024K, 38 young (38912K), 4 survivors (4096K)
 Metaspace       used 34880K, committed 35264K, reserved 1114112K
  class space    used 4935K, committed 5120K, reserved 1048576K
}
Event: 152.589 GC heap after
{Heap after GC invocations=10 (full 0):
 garbage-first heap   total 81920K, used 29113K [0x0000000080000000, 0x0000000100000000)
  region size 1024K, 2 young (2048K), 2 survivors (2048K)
 Metaspace       used 34880K, committed 35264K, reserved 1114112K
  class space    used 4935K, committed 5120K, reserved 1048576K
}
Event: 153.535 GC heap before
{Heap before GC invocations=10 (full 0):
 garbage-first heap   total 81920K, used 36281K [0x0000000080000000, 0x0000000100000000)
  region size 1024K, 10 young (10240K), 2 survivors (2048K)
 Metaspace       used 35563K, committed 35968K, reserved 1114112K
  class space    used 5060K, committed 5248K, reserved 1048576K
}
Event: 153.539 GC heap after
{Heap after GC invocations=11 (full 0):
 garbage-first heap   total 81920K, used 29475K [0x0000000080000000, 0x0000000100000000)
  region size 1024K, 2 young (2048K), 2 survivors (2048K)
 Metaspace       used 35563K, committed 35968K, reserved 1114112K
  class space    used 5060K, committed 5248K, reserved 1048576K
}

Dll operation events (15 events):
Event: 1.668 Loaded shared library D:\Program Files\Eclipse Adoptium\temurin-17\bin\java.dll
Event: 4.019 Loaded shared library D:\Program Files\Eclipse Adoptium\temurin-17\bin\jsvml.dll
Event: 10.787 Loaded shared library D:\Program Files\Eclipse Adoptium\temurin-17\bin\zip.dll
Event: 11.149 Loaded shared library D:\Program Files\Eclipse Adoptium\temurin-17\bin\instrument.dll
Event: 11.395 Loaded shared library D:\Program Files\Eclipse Adoptium\temurin-17\bin\net.dll
Event: 11.538 Loaded shared library D:\Program Files\Eclipse Adoptium\temurin-17\bin\nio.dll
Event: 11.610 Loaded shared library D:\Program Files\Eclipse Adoptium\temurin-17\bin\zip.dll
Event: 18.202 Loaded shared library D:\Program Files\Eclipse Adoptium\temurin-17\bin\jimage.dll
Event: 20.192 Loaded shared library D:\Program Files\Eclipse Adoptium\temurin-17\bin\verify.dll
Event: 45.876 Loaded shared library C:\Users\user\.gradle\native\c067742578af261105cb4f569cf0c3c89f3d7b1fecec35dd04571415982c5e48\windows-amd64\native-platform.dll
Event: 47.241 Loaded shared library C:\Users\user\.gradle\native\38dada09dfb8b06ba9b0570ebf7e218e3eb74d4ef43ca46872605cf95ebc2f47\windows-amd64\native-platform-file-events.dll
Event: 84.079 Loaded shared library D:\Program Files\Eclipse Adoptium\temurin-17\bin\management.dll
Event: 84.368 Loaded shared library D:\Program Files\Eclipse Adoptium\temurin-17\bin\management_ext.dll
Event: 94.610 Loaded shared library D:\Program Files\Eclipse Adoptium\temurin-17\bin\extnet.dll
Event: 96.397 Loaded shared library D:\Program Files\Eclipse Adoptium\temurin-17\bin\sunmscapi.dll

Deoptimization events (20 events):
Event: 150.422 Thread 0x0000021cff6029b0 Uncommon trap: trap_request=0xffffffcc fr.pc=0x0000021caf5bcf48 relative=0x0000000000000328
Event: 150.422 Thread 0x0000021cff6029b0 Uncommon trap: reason=intrinsic_or_type_checked_inlining action=make_not_entrant pc=0x0000021caf5bcf48 method=java.util.Arrays.copyOf([Ljava/lang/Object;ILjava/lang/Class;)[Ljava/lang/Object; @ 35 c2
Event: 150.422 Thread 0x0000021cff6029b0 DEOPT PACKING pc=0x0000021caf5bcf48 sp=0x0000002006bf8640
Event: 150.422 Thread 0x0000021cff6029b0 DEOPT UNPACKING pc=0x0000021caee369a3 sp=0x0000002006bf85d0 mode 2
Event: 150.626 Thread 0x0000021cff6029b0 Uncommon trap: trap_request=0xffffff45 fr.pc=0x0000021caf536604 relative=0x0000000000004b44
Event: 150.626 Thread 0x0000021cff6029b0 Uncommon trap: reason=unstable_if action=reinterpret pc=0x0000021caf536604 method=org.objectweb.asm.Frame.execute(IILorg/objectweb/asm/Symbol;Lorg/objectweb/asm/SymbolTable;)V @ 1 c2
Event: 150.626 Thread 0x0000021cff6029b0 DEOPT PACKING pc=0x0000021caf536604 sp=0x0000002006bf8d80
Event: 150.626 Thread 0x0000021cff6029b0 DEOPT UNPACKING pc=0x0000021caee369a3 sp=0x0000002006bf8d28 mode 2
Event: 151.627 Thread 0x0000021cff6029b0 Uncommon trap: trap_request=0xffffff45 fr.pc=0x0000021caf5e19c0 relative=0x0000000000000220
Event: 151.627 Thread 0x0000021cff6029b0 Uncommon trap: reason=unstable_if action=reinterpret pc=0x0000021caf5e19c0 method=org.objectweb.asm.Frame.push(I)V @ 26 c2
Event: 151.627 Thread 0x0000021cff6029b0 DEOPT PACKING pc=0x0000021caf5e19c0 sp=0x0000002006bf9020
Event: 151.627 Thread 0x0000021cff6029b0 DEOPT UNPACKING pc=0x0000021caee369a3 sp=0x0000002006bf8fc8 mode 2
Event: 151.988 Thread 0x0000021cff6029b0 Uncommon trap: trap_request=0xffffff45 fr.pc=0x0000021caf53d430 relative=0x0000000000000110
Event: 151.988 Thread 0x0000021cff6029b0 Uncommon trap: reason=unstable_if action=reinterpret pc=0x0000021caf53d430 method=java.util.Arrays.hashCode([Ljava/lang/Object;)I @ 34 c2
Event: 151.988 Thread 0x0000021cff6029b0 DEOPT PACKING pc=0x0000021caf53d430 sp=0x0000002006bf9780
Event: 151.988 Thread 0x0000021cff6029b0 DEOPT UNPACKING pc=0x0000021caee369a3 sp=0x0000002006bf96f8 mode 2
Event: 152.174 Thread 0x0000021cff6029b0 DEOPT PACKING pc=0x0000021ca7d1cbfc sp=0x0000002006bf72c0
Event: 152.174 Thread 0x0000021cff6029b0 DEOPT UNPACKING pc=0x0000021caee37143 sp=0x0000002006bf6840 mode 0
Event: 152.547 Thread 0x0000021cff6029b0 DEOPT PACKING pc=0x0000021ca8053a35 sp=0x0000002006bf7c20
Event: 152.547 Thread 0x0000021cff6029b0 DEOPT UNPACKING pc=0x0000021caee37143 sp=0x0000002006bf70a8 mode 0

Classes loaded (20 events):
Event: 141.808 Loading class java/lang/invoke/BoundMethodHandle$Species_LLLLLLLLLLLLLLLLLLLLLLL
Event: 141.808 Loading class java/lang/invoke/BoundMethodHandle$Species_LLLLLLLLLLLLLLLLLLLLLLL done
Event: 146.555 Loading class java/nio/charset/CharacterCodingException
Event: 146.556 Loading class java/nio/charset/CharacterCodingException done
Event: 149.922 Loading class java/util/stream/Streams$RangeIntSpliterator
Event: 149.930 Loading class java/util/stream/Streams$RangeIntSpliterator done
Event: 150.880 Loading class java/util/ArrayList$ListItr
Event: 150.893 Loading class java/util/ArrayList$ListItr done
Event: 152.522 Loading class java/util/concurrent/atomic/AtomicReferenceFieldUpdater
Event: 152.536 Loading class java/util/concurrent/atomic/AtomicReferenceFieldUpdater done
Event: 152.536 Loading class java/util/concurrent/atomic/AtomicReferenceFieldUpdater$AtomicReferenceFieldUpdaterImpl
Event: 152.537 Loading class java/util/concurrent/atomic/AtomicReferenceFieldUpdater$AtomicReferenceFieldUpdaterImpl done
Event: 152.537 Loading class java/util/concurrent/atomic/AtomicReferenceFieldUpdater$AtomicReferenceFieldUpdaterImpl$1
Event: 152.537 Loading class java/util/concurrent/atomic/AtomicReferenceFieldUpdater$AtomicReferenceFieldUpdaterImpl$1 done
Event: 152.799 Loading class sun/reflect/ReflectionFactory
Event: 152.800 Loading class sun/reflect/ReflectionFactory done
Event: 152.801 Loading class sun/reflect/ReflectionFactory$1
Event: 152.801 Loading class sun/reflect/ReflectionFactory$1 done
Event: 152.801 Loading class jdk/internal/reflect/SerializationConstructorAccessorImpl
Event: 152.810 Loading class jdk/internal/reflect/SerializationConstructorAccessorImpl done

Classes unloaded (0 events):
No events

Classes redefined (0 events):
No events

Internal exceptions (20 events):
Event: 141.774 Thread 0x0000021cff6029b0 Exception <a 'java/lang/NoSuchMethodError'{0x0000000082cf9158}: 'java.lang.Object java.lang.invoke.DirectMethodHandle$Holder.invokeStatic(java.lang.Object, java.lang.Object, java.lang.Object, java.lang.Object, java.lang.Object, java.lang.Object, java.lang.Object, java.lang.Object, java.lang.Object, java.lang.Object, java.lang.Object, java.lang.Object, java.lang.Object, java.lang.Object, java.lang.Object, java.lang.Object, java.lang.Object, java.lang.Object, java.lang.Object, java.lang.Object)'> (0x00000000
Event: 141.776 Thread 0x0000021cff6029b0 Exception <a 'java/lang/NoSuchMethodError'{0x0000000082b25780}: 'java.lang.Object java.lang.invoke.DirectMethodHandle$Holder.invokeStatic(java.lang.Object, java.lang.Object, java.lang.Object, java.lang.Object, java.lang.Object, java.lang.Object, java.lang.Object, java.lang.Object, java.lang.Object, java.lang.Object, java.lang.Object, java.lang.Object, java.lang.Object, java.lang.Object, java.lang.Object, java.lang.Object, java.lang.Object, java.lang.Object, java.lang.Object, java.lang.Object, java.lang.Obj
Event: 141.801 Thread 0x0000021cff6029b0 Exception <a 'java/lang/NoSuchMethodError'{0x0000000082b52c58}: 'java.lang.Object java.lang.invoke.DirectMethodHandle$Holder.invokeStatic(java.lang.Object, java.lang.Object, java.lang.Object, java.lang.Object, java.lang.Object, java.lang.Object, java.lang.Object, java.lang.Object, java.lang.Object, java.lang.Object, java.lang.Object, java.lang.Object, java.lang.Object, java.lang.Object, java.lang.Object, java.lang.Object, java.lang.Object, java.lang.Object, java.lang.Object, java.lang.Object, java.lang.Obj
Event: 141.803 Thread 0x0000021cff6029b0 Exception <a 'java/lang/NoSuchMethodError'{0x0000000082b82558}: 'java.lang.Object java.lang.invoke.DirectMethodHandle$Holder.invokeStatic(java.lang.Object, java.lang.Object, java.lang.Object, java.lang.Object, java.lang.Object, java.lang.Object, java.lang.Object, java.lang.Object, java.lang.Object, java.lang.Object, java.lang.Object, java.lang.Object, java.lang.Object, java.lang.Object, java.lang.Object, java.lang.Object, java.lang.Object, java.lang.Object, java.lang.Object, java.lang.Object, java.lang.Obj
Event: 141.805 Thread 0x0000021cff6029b0 Exception <a 'java/lang/NoSuchMethodError'{0x0000000082bb1588}: 'java.lang.Object java.lang.invoke.DirectMethodHandle$Holder.invokeStatic(java.lang.Object, java.lang.Object, java.lang.Object, java.lang.Object, java.lang.Object, java.lang.Object, java.lang.Object, java.lang.Object, java.lang.Object, java.lang.Object, java.lang.Object, java.lang.Object, java.lang.Object, java.lang.Object, java.lang.Object, java.lang.Object, java.lang.Object, java.lang.Object, java.lang.Object, java.lang.Object, java.lang.Obj
Event: 141.807 Thread 0x0000021cff6029b0 Exception <a 'java/lang/NoSuchMethodError'{0x0000000082be2380}: 'java.lang.Object java.lang.invoke.DirectMethodHandle$Holder.invokeStatic(java.lang.Object, java.lang.Object, java.lang.Object, java.lang.Object, java.lang.Object, java.lang.Object, java.lang.Object, java.lang.Object, java.lang.Object, java.lang.Object, java.lang.Object, java.lang.Object, java.lang.Object, java.lang.Object, java.lang.Object, java.lang.Object, java.lang.Object, java.lang.Object, java.lang.Object, java.lang.Object, java.lang.Obj
Event: 141.846 Thread 0x0000021cff6029b0 Exception <a 'java/lang/NoSuchMethodError'{0x0000000087b14d50}: 'java.lang.Object java.lang.invoke.DirectMethodHandle$Holder.invokeStatic(java.lang.Object, java.lang.Object, java.lang.Object, java.lang.Object, java.lang.Object, java.lang.Object, java.lang.Object, java.lang.Object, java.lang.Object, java.lang.Object, java.lang.Object, java.lang.Object, java.lang.Object, java.lang.Object, java.lang.Object, java.lang.Object, java.lang.Object, java.lang.Object, java.lang.Object, java.lang.Object, java.lang.Obj
Event: 145.212 Thread 0x0000021cff6029b0 Exception <a 'java/lang/IncompatibleClassChangeError'{0x00000000840d6da8}: Found class java.lang.Object, but interface was expected> (0x00000000840d6da8) 
thrown [s\src\hotspot\share\interpreter\linkResolver.cpp, line 826]
Event: 145.779 Thread 0x0000021cff6029b0 Exception <a 'java/lang/NoSuchMethodError'{0x0000000083f9fe40}: 'java.lang.Object java.lang.invoke.DirectMethodHandle$Holder.newInvokeSpecial(java.lang.Object, java.lang.Object, long)'> (0x0000000083f9fe40) 
thrown [s\src\hotspot\share\interpreter\linkResolver.cpp, line 759]
Event: 145.779 Thread 0x0000021cff6029b0 Exception <a 'java/lang/NoSuchMethodError'{0x0000000083fa46f8}: 'java.lang.Object java.lang.invoke.Invokers$Holder.linkToTargetMethod(java.lang.Object, long, java.lang.Object)'> (0x0000000083fa46f8) 
thrown [s\src\hotspot\share\interpreter\linkResolver.cpp, line 759]
Event: 147.244 Thread 0x0000021cff6029b0 Exception <a 'java/lang/NoSuchMethodError'{0x0000000083d6d4e8}: 'int java.lang.invoke.DirectMethodHandle$Holder.invokeInterface(java.lang.Object, java.lang.Object)'> (0x0000000083d6d4e8) 
thrown [s\src\hotspot\share\interpreter\linkResolver.cpp, line 759]
Event: 149.864 Thread 0x0000021cff6029b0 Exception <a 'java/lang/NoSuchMethodError'{0x0000000083beaba8}: 'java.lang.Object java.lang.invoke.DirectMethodHandle$Holder.invokeVirtual(java.lang.Object, java.lang.Object, int)'> (0x0000000083beaba8) 
thrown [s\src\hotspot\share\interpreter\linkResolver.cpp, line 759]
Event: 150.567 Thread 0x0000021cff6029b0 Exception <a 'java/lang/NoSuchMethodError'{0x000000008388d390}: 'java.lang.Object java.lang.invoke.DirectMethodHandle$Holder.newInvokeSpecial(java.lang.Object, java.lang.Object, java.lang.Object, java.lang.Object, int)'> (0x000000008388d390) 
thrown [s\src\hotspot\share\interpreter\linkResolver.cpp, line 759]
Event: 150.567 Thread 0x0000021cff6029b0 Exception <a 'java/lang/NoSuchMethodError'{0x0000000083892410}: 'java.lang.Object java.lang.invoke.DirectMethodHandle$Holder.invokeSpecial(java.lang.Object, java.lang.Object, java.lang.Object, java.lang.Object, java.lang.Object, int)'> (0x0000000083892410) 
thrown [s\src\hotspot\share\interpreter\linkResolver.cpp, line 759]
Event: 150.567 Thread 0x0000021cff6029b0 Exception <a 'java/lang/NoSuchMethodError'{0x0000000083896e40}: 'java.lang.Object java.lang.invoke.Invokers$Holder.linkToTargetMethod(java.lang.Object, java.lang.Object, java.lang.Object, int, java.lang.Object)'> (0x0000000083896e40) 
thrown [s\src\hotspot\share\interpreter\linkResolver.cpp, line 759]
Event: 151.011 Thread 0x0000021cff6029b0 Exception <a 'java/lang/NoSuchMethodError'{0x0000000083664c80}: 'int java.lang.invoke.DirectMethodHandle$Holder.invokeInterface(java.lang.Object, java.lang.Object, java.lang.Object, java.lang.Object)'> (0x0000000083664c80) 
thrown [s\src\hotspot\share\interpreter\linkResolver.cpp, line 759]
Event: 151.987 Thread 0x0000021cff6029b0 Implicit null exception at 0x0000021caf53d36c to 0x0000021caf53d414
Event: 153.309 Thread 0x0000021cff6029b0 Exception <a 'java/lang/NoSuchMethodError'{0x0000000084a8e220}: 'void java.lang.invoke.DirectMethodHandle$Holder.invokeInterface(java.lang.Object, java.lang.Object)'> (0x0000000084a8e220) 
thrown [s\src\hotspot\share\interpreter\linkResolver.cpp, line 759]
Event: 153.311 Thread 0x0000021cff6029b0 Exception <a 'java/lang/IncompatibleClassChangeError'{0x0000000084a996c0}: Found class java.lang.Object, but interface was expected> (0x0000000084a996c0) 
thrown [s\src\hotspot\share\interpreter\linkResolver.cpp, line 826]
Event: 153.822 Thread 0x0000021cff6029b0 Exception <a 'java/lang/NoSuchMethodError'{0x0000000085069ba0}: 'java.lang.Object java.lang.invoke.DirectMethodHandle$Holder.newInvokeSpecial(java.lang.Object, int, java.lang.Object)'> (0x0000000085069ba0) 
thrown [s\src\hotspot\share\interpreter\linkResolver.cpp, line 759]

VM Operations (20 events):
Event: 150.367 Executing VM operation: Cleanup
Event: 150.367 Executing VM operation: Cleanup done
Event: 150.790 Executing VM operation: HandshakeAllThreads
Event: 150.790 Executing VM operation: HandshakeAllThreads done
Event: 150.894 Executing VM operation: HandshakeAllThreads
Event: 150.894 Executing VM operation: HandshakeAllThreads done
Event: 150.982 Executing VM operation: HandshakeAllThreads
Event: 150.982 Executing VM operation: HandshakeAllThreads done
Event: 151.741 Executing VM operation: HandshakeAllThreads
Event: 151.741 Executing VM operation: HandshakeAllThreads done
Event: 151.741 Executing VM operation: Cleanup
Event: 151.741 Executing VM operation: Cleanup done
Event: 152.582 Executing VM operation: G1CollectForAllocation
Event: 152.589 Executing VM operation: G1CollectForAllocation done
Event: 153.535 Executing VM operation: CollectForMetadataAllocation
Event: 153.539 Executing VM operation: CollectForMetadataAllocation done
Event: 153.580 Executing VM operation: G1PauseRemark
Event: 153.585 Executing VM operation: G1PauseRemark done
Event: 153.600 Executing VM operation: G1PauseCleanup
Event: 153.600 Executing VM operation: G1PauseCleanup done

Memory protections (0 events):
No events

Nmethod flushes (0 events):
No events

Events (20 events):
Event: 94.818 Thread 0x0000021c9fd38680 Thread added: 0x0000021c84836f30
Event: 95.914 Thread 0x0000021c9fd38680 Thread added: 0x0000021c849df020
Event: 97.725 Thread 0x0000021c84836f30 Thread added: 0x0000021c8474c7e0
Event: 97.918 Thread 0x0000021c8474c7e0 Thread added: 0x0000021c849d51f0
Event: 99.116 Thread 0x0000021c8474c7e0 Thread added: 0x0000021cff6033d0
Event: 99.594 Thread 0x0000021c8474c7e0 Thread added: 0x0000021cff6029b0
Event: 99.654 Thread 0x0000021cff6029b0 Thread added: 0x0000021cff6038e0
Event: 99.662 Thread 0x0000021cff6029b0 Thread added: 0x0000021cff601f90
Event: 99.687 Thread 0x0000021cff6029b0 Thread added: 0x0000021cff600640
Event: 106.919 Thread 0x0000021cff6029b0 Thread added: 0x0000021cff601570
Event: 107.644 Thread 0x0000021cff6029b0 Thread added: 0x0000021cff603df0
Event: 107.820 Thread 0x0000021cff6029b0 Thread added: 0x0000021cff601060
Event: 108.570 Thread 0x0000021cff603df0 Thread added: 0x0000021cff602ec0
Event: 119.030 Thread 0x0000021cff6029b0 Thread added: 0x0000021cff600b50
Event: 123.302 Thread 0x0000021cff6029b0 Thread added: 0x0000021cff601a80
Event: 123.368 Thread 0x0000021cff6029b0 Thread added: 0x0000021c84c614d0
Event: 127.231 Thread 0x0000021cff6029b0 Thread added: 0x0000021c84c5b4a0
Event: 128.006 Thread 0x0000021cff6029b0 Thread added: 0x0000021c84c5ec50
Event: 128.180 Thread 0x0000021cff6029b0 Thread added: 0x0000021c84c60fc0
Event: 130.462 Thread 0x0000021cff6029b0 Thread added: 0x0000021c84c5fb80


Dynamic libraries:
0x00007ff6d0990000 - 0x00007ff6d099e000 	D:\Program Files\Eclipse Adoptium\temurin-17\bin\java.exe
0x00007ffa8e230000 - 0x00007ffa8e428000 	C:\Windows\SYSTEM32\ntdll.dll
0x00007ffa8c850000 - 0x00007ffa8c912000 	C:\Windows\System32\KERNEL32.DLL
0x00007ffa8bcf0000 - 0x00007ffa8bfe6000 	C:\Windows\System32\KERNELBASE.dll
0x00007ffa8c150000 - 0x00007ffa8c250000 	C:\Windows\System32\ucrtbase.dll
0x00007ffa57720000 - 0x00007ffa5773e000 	D:\Program Files\Eclipse Adoptium\temurin-17\bin\VCRUNTIME140.dll
0x00007ffa59190000 - 0x00007ffa591a8000 	D:\Program Files\Eclipse Adoptium\temurin-17\bin\jli.dll
0x00007ffa8d490000 - 0x00007ffa8d631000 	C:\Windows\System32\USER32.dll
0x00007ffa7d0e0000 - 0x00007ffa7d37b000 	C:\Windows\WinSxS\amd64_microsoft.windows.common-controls_6595b64144ccf1df_6.0.19041.6456_none_60b8a6cb71f64256\COMCTL32.dll
0x00007ffa8b9f0000 - 0x00007ffa8ba12000 	C:\Windows\System32\win32u.dll
0x00007ffa8d840000 - 0x00007ffa8d86b000 	C:\Windows\System32\GDI32.dll
0x00007ffa8bb40000 - 0x00007ffa8bc59000 	C:\Windows\System32\gdi32full.dll
0x00007ffa8d650000 - 0x00007ffa8d6ee000 	C:\Windows\System32\msvcrt.dll
0x00007ffa8ba50000 - 0x00007ffa8baed000 	C:\Windows\System32\msvcp_win.dll
0x00007ffa8d1d0000 - 0x00007ffa8d1ff000 	C:\Windows\System32\IMM32.DLL
0x00007ffa59890000 - 0x00007ffa5989c000 	D:\Program Files\Eclipse Adoptium\temurin-17\bin\vcruntime140_1.dll
0x00007ffa347d0000 - 0x00007ffa3485d000 	D:\Program Files\Eclipse Adoptium\temurin-17\bin\msvcp140.dll
0x00007ffa06220000 - 0x00007ffa06e8b000 	D:\Program Files\Eclipse Adoptium\temurin-17\bin\server\jvm.dll
0x00007ffa8cde0000 - 0x00007ffa8ce91000 	C:\Windows\System32\ADVAPI32.dll
0x00007ffa8d330000 - 0x00007ffa8d3cf000 	C:\Windows\System32\sechost.dll
0x00007ffa8d050000 - 0x00007ffa8d170000 	C:\Windows\System32\RPCRT4.dll
0x00007ffa8ba20000 - 0x00007ffa8ba47000 	C:\Windows\System32\bcrypt.dll
0x00007ffa8d6f0000 - 0x00007ffa8d75b000 	C:\Windows\System32\WS2_32.dll
0x00007ffa8b720000 - 0x00007ffa8b76b000 	C:\Windows\SYSTEM32\POWRPROF.dll
0x00007ffa83310000 - 0x00007ffa8331a000 	C:\Windows\SYSTEM32\VERSION.dll
0x00007ffa7cd10000 - 0x00007ffa7cd37000 	C:\Windows\SYSTEM32\WINMM.dll
0x00007ffa8b700000 - 0x00007ffa8b712000 	C:\Windows\SYSTEM32\UMPDC.dll
0x00007ffa89750000 - 0x00007ffa89762000 	C:\Windows\SYSTEM32\kernel.appcore.dll
0x00007ffa575b0000 - 0x00007ffa575ba000 	D:\Program Files\Eclipse Adoptium\temurin-17\bin\jimage.dll
0x00007ffa85b10000 - 0x00007ffa85d11000 	C:\Windows\SYSTEM32\DBGHELP.DLL
0x00007ffa83230000 - 0x00007ffa83264000 	C:\Windows\SYSTEM32\dbgcore.DLL
0x00007ffa8bc60000 - 0x00007ffa8bce2000 	C:\Windows\System32\bcryptPrimitives.dll
0x00007ffa56700000 - 0x00007ffa5670e000 	D:\Program Files\Eclipse Adoptium\temurin-17\bin\instrument.dll
0x00007ffa518b0000 - 0x00007ffa518d5000 	D:\Program Files\Eclipse Adoptium\temurin-17\bin\java.dll
0x00007ffa346f0000 - 0x00007ffa347c7000 	D:\Program Files\Eclipse Adoptium\temurin-17\bin\jsvml.dll
0x00007ffa8da80000 - 0x00007ffa8e1f0000 	C:\Windows\System32\SHELL32.dll
0x00007ffa89950000 - 0x00007ffa8a0f5000 	C:\Windows\SYSTEM32\windows.storage.dll
0x00007ffa8ca80000 - 0x00007ffa8cdd4000 	C:\Windows\System32\combase.dll
0x00007ffa8b210000 - 0x00007ffa8b23b000 	C:\Windows\SYSTEM32\Wldp.dll
0x00007ffa8d900000 - 0x00007ffa8d9cd000 	C:\Windows\System32\OLEAUT32.dll
0x00007ffa8d9d0000 - 0x00007ffa8da7d000 	C:\Windows\System32\SHCORE.dll
0x00007ffa8c380000 - 0x00007ffa8c3db000 	C:\Windows\System32\shlwapi.dll
0x00007ffa8b7f0000 - 0x00007ffa8b814000 	C:\Windows\SYSTEM32\profapi.dll
0x00007ffa4d860000 - 0x00007ffa4d878000 	D:\Program Files\Eclipse Adoptium\temurin-17\bin\zip.dll
0x00007ffa46370000 - 0x00007ffa4638a000 	D:\Program Files\Eclipse Adoptium\temurin-17\bin\net.dll
0x00007ffa84aa0000 - 0x00007ffa84baa000 	C:\Windows\SYSTEM32\WINHTTP.dll
0x00007ffa8af70000 - 0x00007ffa8afda000 	C:\Windows\system32\mswsock.dll
0x00007ffa45950000 - 0x00007ffa45966000 	D:\Program Files\Eclipse Adoptium\temurin-17\bin\nio.dll
0x00007ffa566f0000 - 0x00007ffa56700000 	D:\Program Files\Eclipse Adoptium\temurin-17\bin\verify.dll
0x00007ffa732a0000 - 0x00007ffa732c7000 	C:\Users\user\.gradle\native\c067742578af261105cb4f569cf0c3c89f3d7b1fecec35dd04571415982c5e48\windows-amd64\native-platform.dll
0x00007ffa34860000 - 0x00007ffa349a4000 	C:\Users\user\.gradle\native\38dada09dfb8b06ba9b0570ebf7e218e3eb74d4ef43ca46872605cf95ebc2f47\windows-amd64\native-platform-file-events.dll
0x00007ffa55150000 - 0x00007ffa5515a000 	D:\Program Files\Eclipse Adoptium\temurin-17\bin\management.dll
0x00007ffa54080000 - 0x00007ffa5408c000 	D:\Program Files\Eclipse Adoptium\temurin-17\bin\management_ext.dll
0x00007ffa8d640000 - 0x00007ffa8d648000 	C:\Windows\System32\PSAPI.DLL
0x00007ffa8b170000 - 0x00007ffa8b188000 	C:\Windows\SYSTEM32\CRYPTSP.dll
0x00007ffa8a890000 - 0x00007ffa8a8c8000 	C:\Windows\system32\rsaenh.dll
0x00007ffa8b7b0000 - 0x00007ffa8b7de000 	C:\Windows\SYSTEM32\USERENV.dll
0x00007ffa8b160000 - 0x00007ffa8b16c000 	C:\Windows\SYSTEM32\CRYPTBASE.dll
0x00007ffa8ac50000 - 0x00007ffa8ac8b000 	C:\Windows\SYSTEM32\IPHLPAPI.DLL
0x00007ffa8d8f0000 - 0x00007ffa8d8f8000 	C:\Windows\System32\NSI.dll
0x00007ffa86010000 - 0x00007ffa86027000 	C:\Windows\SYSTEM32\dhcpcsvc6.DLL
0x00007ffa85f20000 - 0x00007ffa85f3d000 	C:\Windows\SYSTEM32\dhcpcsvc.DLL
0x00007ffa8ac90000 - 0x00007ffa8ad5a000 	C:\Windows\SYSTEM32\DNSAPI.dll
0x00007ffa4d760000 - 0x00007ffa4d769000 	D:\Program Files\Eclipse Adoptium\temurin-17\bin\extnet.dll
0x00007ffa4d6e0000 - 0x00007ffa4d6ee000 	D:\Program Files\Eclipse Adoptium\temurin-17\bin\sunmscapi.dll
0x00007ffa8bff0000 - 0x00007ffa8c14d000 	C:\Windows\System32\CRYPT32.dll
0x00007ffa8b280000 - 0x00007ffa8b2a7000 	C:\Windows\SYSTEM32\ncrypt.dll
0x00007ffa8b240000 - 0x00007ffa8b27b000 	C:\Windows\SYSTEM32\NTASN1.dll
0x00007ffa57340000 - 0x00007ffa57347000 	C:\Windows\system32\wshunix.dll

dbghelp: loaded successfully - version: 4.0.5 - missing functions: none
symbol engine: initialized successfully - sym options: 0x614 - pdb path: .;D:\Program Files\Eclipse Adoptium\temurin-17\bin;C:\Windows\SYSTEM32;C:\Windows\WinSxS\amd64_microsoft.windows.common-controls_6595b64144ccf1df_6.0.19041.6456_none_60b8a6cb71f64256;D:\Program Files\Eclipse Adoptium\temurin-17\bin\server;C:\Users\user\.gradle\native\c067742578af261105cb4f569cf0c3c89f3d7b1fecec35dd04571415982c5e48\windows-amd64;C:\Users\user\.gradle\native\38dada09dfb8b06ba9b0570ebf7e218e3eb74d4ef43ca46872605cf95ebc2f47\windows-amd64

VM Arguments:
jvm_args: --add-opens=java.base/java.util=ALL-UNNAMED --add-opens=java.base/java.lang=ALL-UNNAMED --add-opens=java.base/java.lang.invoke=ALL-UNNAMED --add-opens=java.prefs/java.util.prefs=ALL-UNNAMED --add-opens=java.base/java.nio.charset=ALL-UNNAMED --add-opens=java.base/java.net=ALL-UNNAMED --add-opens=java.base/java.util.concurrent.atomic=ALL-UNNAMED -Xmx2048m -Dfile.encoding=UTF-8 -Duser.country=DE -Duser.language=de -Duser.variant -javaagent:C:\Users\user\.gradle\wrapper\dists\gradle-8.7-bin\bhs2wmbdwecv87pi65oeuq5iu\gradle-8.7\lib\agents\gradle-instrumentation-agent-8.7.jar 
java_command: org.gradle.launcher.daemon.bootstrap.GradleDaemon 8.7
java_class_path (initial): C:\Users\user\.gradle\wrapper\dists\gradle-8.7-bin\bhs2wmbdwecv87pi65oeuq5iu\gradle-8.7\lib\gradle-launcher-8.7.jar
Launcher Type: SUN_STANDARD

[Global flags]
     intx CICompilerCount                          = 3                                         {product} {ergonomic}
     uint ConcGCThreads                            = 1                                         {product} {ergonomic}
     uint G1ConcRefinementThreads                  = 4                                         {product} {ergonomic}
   size_t G1HeapRegionSize                         = 1048576                                   {product} {ergonomic}
    uintx GCDrainStackTargetSize                   = 64                                        {product} {ergonomic}
   size_t InitialHeapSize                          = 130023424                                 {product} {ergonomic}
   size_t MarkStackSize                            = 4194304                                   {product} {ergonomic}
   size_t MaxHeapSize                              = 2147483648                                {product} {command line}
   size_t MaxNewSize                               = 1287651328                                {product} {ergonomic}
   size_t MinHeapDeltaBytes                        = 1048576                                   {product} {ergonomic}
   size_t MinHeapSize                              = 8388608                                   {product} {ergonomic}
    uintx NonNMethodCodeHeapSize                   = 5832780                                {pd product} {ergonomic}
    uintx NonProfiledCodeHeapSize                  = 122912730                              {pd product} {ergonomic}
    uintx ProfiledCodeHeapSize                     = 122912730                              {pd product} {ergonomic}
    uintx ReservedCodeCacheSize                    = 251658240                              {pd product} {ergonomic}
     bool SegmentedCodeCache                       = true                                      {product} {ergonomic}
   size_t SoftMaxHeapSize                          = 2147483648                             {manageable} {ergonomic}
     bool UseCompressedClassPointers               = true                           {product lp64_product} {ergonomic}
     bool UseCompressedOops                        = true                           {product lp64_product} {ergonomic}
     bool UseG1GC                                  = true                                      {product} {ergonomic}
     bool UseLargePagesIndividualAllocation        = false                                  {pd product} {ergonomic}

Logging:
Log output configuration:
 #0: stdout all=warning uptime,level,tags
 #1: stderr all=off uptime,level,tags

Environment Variables:
JAVA_HOME=D:\Program Files\Eclipse Adoptium\temurin-21
CLASSPATH=.;
PATH=C:\Program Files\Google\Chrome\Application;C:\Program Files\nvm;D:\Program Files\Eclipse Adoptium\temurin-21\bin;C:\Program Files\Python311\Scripts\;C:\Program Files\Python311\;C:\Python314\Scripts\;C:\Python314\;C:\Windows\system32;C:\Windows;C:\Windows\System32\Wbem;C:\Windows\System32\WindowsPowerShell\v1.0\;C:\Windows\System32\OpenSSH\;C:\ProgramData\chocolatey\bin;C:\Program Files\PuTTY\;C:\Program Files\Java\jdk1.8.0_211\bin;C:\Android\android-sdk\tools;C:\Android\android-sdk\platform-tools;C:\Android\android-sdk\tools\bin;C:\Program Files\dotnet\;C:\Program Files (x86)\Windows Kits\10\Windows Performance Toolkit\;C:\Program Files\Microsoft SQL Server\170\Tools\Binn\;C:\Program Files\nodejs\;C:\ProgramData\mingw64\mingw64\bin;C:\Program Files\Tailscale\;C:\Program Files\CMake\bin;C:\Program Files\Git\cmd;C:\Users\user\AppData\Local\Programs\Python\Python313\Scripts\;C:\Users\user\AppData\Local\Programs\Python\Python313\;D:\Ollama;D:\Program Files\Eclipse Adoptium\temurin-21\bin;c:\Users\user\AppData\Roaming\Code\User\globalStorage\github.copilot-chat\debugCommand c:\Users\user\AppData\Roaming\Code\User\globalStorage\github.copilot-chat\copilotCli C:\Users\user\AppData\Roaming\Code\User\globalStorage\pleiades.java-extension-pack-jdk\gradle\latest\bin C:\Users\user\AppData\Roaming\Code\User\globalStorage\pleiades.java-extension-pack-jdk\maven\latest\bin C:\Windows\system32 C:\Windows C:\Windows\System32\Wbem C:\Windows\System32\WindowsPowerShell\v1.0\ C:\Windows\System32\OpenSSH\ C:\ProgramData\chocolatey\bin C:\Program Files\Git\cmd C:\Program Files\PuTTY\ C:\Program Files\Java\jdk1.8.0_211\bin C:\Android\android-sdk\tools C:\Android\android-sdk\platform-tools C:\Android\android-sdk\tools\bin C:\Program Files\dotnet\ C:\Program Files\Microsoft SQL Server\Client SDK\ODBC\170\Tools\Binn\ C:\Program Files (x86)\Windows Kits\10\Windows Performance Toolkit\ C:\Program Files\Microsoft SQL Server\170\Tools\Binn\ C:\User C:\Users\user\AppData\Local\Programs\Microsoft VS Code\bin C:\Users\user\.dotnet\tools;C:\Users\user\.dotnet\tools;C:\Users\user\AppData\Local\Programs\Microsoft VS Code\bin;C:\Users\user\AppData\Local\Programs\Ollama;C:\Users\user\.lmstudio\bin;C:\Users\user\AppData\Roaming\npm;C:\Program Files\Tesseract-OCR
USERNAME=user
OS=Windows_NT
PROCESSOR_IDENTIFIER=Intel64 Family 6 Model 60 Stepping 3, GenuineIntel
TMP=C:\Users\user\AppData\Local\Temp
TEMP=C:\Users\user\AppData\Local\Temp



Periodic native trim disabled


---------------  S Y S T E M  ---------------

OS:
 Windows 10 , 64 bit Build 19041 (10.0.19041.5915)
OS uptime: 3 days 19:44 hours

CPU: total 4 (initial active 4) (4 cores per cpu, 1 threads per core) family 6 model 60 stepping 3 microcode 0x27, cx8, cmov, fxsr, mmx, sse, sse2, sse3, ssse3, sse4.1, sse4.2, popcnt, lzcnt, tsc, tscinvbit, avx, avx2, aes, erms, clmul, bmi1, bmi2, fma, vzeroupper, clflush
Processor Information for all 4 processors :
  Max Mhz: 2001, Current Mhz: 2001, Mhz Limit: 2001

Memory: 4k page, system-wide physical 7851M (62M free)
TotalPageFile size 32427M (AvailPageFile size 0M)
current process WorkingSet (physical memory assigned to process): 149M, peak: 149M
current process commit charge ("private bytes"): 246M, peak: 270M

vm_info: OpenJDK 64-Bit Server VM (17.0.17+10) for windows-amd64 JRE (17.0.17+10), built on Oct 21 2025 23:25:32 by "admin" with unknown MS VC++:1942

END.
